,label,Predicted values
15583,1,1
11115,0,0
7115,1,1
9514,0,0
7059,0,0
12225,0,0
20631,1,1
13281,0,0
6834,0,0
18226,0,0
18667,1,1
2393,0,0
20637,1,1
5138,0,0
20262,1,1
1029,1,1
13547,1,0
5675,0,0
14868,1,1
586,1,1
5719,0,1
6080,1,1
1172,1,1
778,0,0
18484,1,1
2888,0,0
2274,0,0
10220,0,0
10369,0,0
18020,1,1
8258,0,0
106,0,0
18082,1,1
9456,1,1
2120,0,0
15325,0,0
273,1,1
15671,1,1
11917,1,1
20135,0,1
19017,0,0
8692,1,1
14017,0,0
12364,0,0
16929,1,1
11084,1,1
18481,1,1
8202,1,1
9479,1,1
1992,0,0
16836,1,1
6903,1,1
1962,1,1
13207,1,1
18136,0,0
10063,0,0
10851,0,0
7611,1,1
2502,0,0
19247,0,0
18659,1,1
2593,1,1
19027,1,1
5266,0,1
19701,1,1
9278,1,1
866,0,0
3960,1,1
14266,1,1
16833,0,0
12869,0,0
2358,1,1
13633,1,1
3280,1,1
18602,0,0
9382,0,0
12148,0,0
3801,1,1
7915,1,1
16232,0,0
3867,1,1
2733,0,0
5052,0,0
4524,0,1
2596,1,1
8911,1,1
6509,0,0
9030,1,1
6689,0,0
15223,0,0
433,1,1
15216,0,0
3299,1,1
11739,0,0
16141,1,1
2306,1,1
18870,0,1
18691,1,1
7238,0,0
19556,0,0
9060,1,1
13186,1,1
11742,0,0
19275,1,1
1611,1,1
13795,0,0
11815,0,0
7066,0,0
3084,1,1
10149,0,1
20209,0,0
141,0,0
6448,1,1
2939,0,0
16154,1,1
13400,0,0
18352,1,1
9238,0,0
8213,0,0
16712,1,1
5103,0,0
13822,0,0
14432,1,0
17208,0,0
13206,0,0
19810,0,0
19859,0,0
8140,0,0
10805,0,0
9350,1,1
12812,0,0
11150,1,1
15150,1,1
7237,1,1
7827,0,0
19111,0,0
15559,1,1
9261,1,1
8026,0,0
9449,1,1
855,1,1
9297,1,1
7233,0,0
12879,0,0
6581,1,1
759,1,1
19,0,0
3831,0,0
15271,0,0
3858,1,0
7795,0,0
4255,1,1
6595,0,0
12765,0,0
9550,1,1
19747,0,0
7073,0,0
12141,0,0
16723,0,0
6001,0,0
18228,0,0
9804,1,1
16167,1,1
3689,0,0
13409,0,0
14691,0,0
15864,1,1
6939,0,0
12171,0,0
9323,0,0
10676,1,1
4604,0,0
16013,0,0
1502,1,1
20384,0,0
18834,1,1
19290,0,0
17760,0,0
13540,0,0
3931,1,1
6339,0,0
2824,0,0
20464,0,0
2837,1,0
9863,0,0
1590,0,0
8789,1,1
2289,1,1
4698,0,0
2692,1,1
13823,0,0
2048,1,1
15256,0,0
7043,1,1
18249,1,1
9006,1,1
17551,0,0
16458,0,0
12686,1,1
6955,1,1
13915,0,0
17645,0,0
7232,1,1
14649,1,1
20780,0,0
9971,0,0
11894,0,0
828,1,1
4826,0,0
19956,1,1
9415,0,0
8923,0,0
20468,0,0
16721,0,0
2425,0,0
6308,1,1
11393,1,1
8433,1,1
10635,0,0
5435,0,0
208,1,1
12590,1,1
6176,0,0
12589,0,0
104,1,1
10472,0,0
10357,0,0
4950,1,1
5370,1,1
18715,0,0
13423,0,0
12191,0,0
14083,0,0
12428,0,0
6234,0,0
5209,0,0
12678,0,0
7133,0,0
10567,1,1
13718,0,0
16357,0,0
3155,1,1
17847,0,0
13375,1,1
13865,1,1
6610,0,0
19024,1,1
15099,0,0
8272,0,0
14966,1,1
9353,0,0
145,0,1
793,1,1
241,1,1
19387,0,0
7566,0,1
6257,1,1
16429,1,1
15330,1,1
12494,0,0
786,1,1
1453,0,0
8537,1,1
16425,0,0
11691,1,1
2003,1,1
6122,0,0
14729,0,0
7268,1,1
18338,1,1
2867,0,0
12156,1,1
9387,1,1
7510,1,1
1377,1,0
388,1,1
12557,0,0
18643,0,0
6271,1,1
18947,0,0
6219,0,0
11261,1,1
15540,1,1
703,0,0
2005,0,0
13624,1,1
1649,0,0
15207,0,0
16975,1,1
4991,1,1
10018,0,0
6668,1,1
8610,0,0
3080,1,1
13419,1,1
20792,1,1
12113,0,0
10157,1,1
18034,1,1
7542,0,0
19746,0,0
8393,0,0
17154,1,1
17633,1,1
5739,1,0
9502,1,1
10015,1,1
15490,1,1
15425,1,1
16729,0,0
8414,1,1
4029,1,1
18238,0,0
7819,0,0
9814,1,1
15572,1,1
6316,1,1
15715,1,1
8095,0,0
1205,1,1
5222,1,1
2513,1,1
14588,1,1
1866,1,1
19787,0,0
12155,1,1
467,0,0
14428,1,1
16734,0,0
7129,1,1
6002,0,0
10523,1,1
2167,1,1
5740,0,0
6336,1,1
654,0,0
6624,1,1
1419,0,0
17813,1,1
4758,1,1
12819,0,0
6051,1,1
7367,1,1
4890,1,0
13918,1,1
2092,0,0
7802,1,1
13028,1,1
9058,0,0
11769,0,0
776,0,0
8752,0,0
6744,1,1
5878,1,1
20167,1,1
2283,0,0
15275,0,0
10426,1,1
14155,0,0
19452,1,1
2093,0,0
6725,0,0
14223,0,0
781,1,1
12413,0,0
6797,1,0
20742,0,0
10697,0,0
2168,0,0
11724,1,1
18814,0,0
4665,0,0
17171,0,0
679,0,0
18240,1,1
16594,0,0
6913,1,1
19772,1,1
10171,0,0
12180,1,1
749,1,1
4145,0,0
4655,0,0
19068,0,0
4549,1,1
17090,0,0
9435,1,1
13095,1,1
11290,0,0
914,1,1
1389,1,1
14034,0,0
992,0,0
43,0,0
18708,0,0
17106,1,1
18137,0,0
13117,1,1
1442,1,1
6695,1,1
19113,0,0
4684,1,1
11781,1,1
2647,1,1
16346,0,0
8509,1,1
7401,1,1
13912,0,0
19325,0,0
12451,0,1
4627,0,0
16234,0,0
2203,0,0
9578,0,0
19598,0,0
13739,1,1
17490,0,1
15156,0,0
2500,1,1
8716,1,1
9013,0,0
16163,0,0
10134,1,1
16494,1,1
9953,1,1
20173,0,0
16451,1,1
14390,0,0
11556,1,1
18755,1,1
5191,0,0
16454,1,1
16065,1,1
3636,1,1
5487,0,0
1311,0,0
487,1,1
18055,1,1
16359,1,1
17724,0,0
11073,0,0
3302,1,1
4479,0,0
11849,1,1
2667,0,0
14058,0,0
3182,0,0
20151,1,1
14761,0,0
8956,1,1
7382,0,0
11294,1,1
17792,0,0
19041,0,0
4291,0,0
20454,0,0
13928,0,0
1289,1,1
5778,0,0
3013,0,0
10584,1,1
16314,0,0
614,1,1
8374,1,1
3186,1,1
8409,1,1
16015,0,0
4593,1,1
17662,1,1
12452,0,0
8331,0,0
19508,0,0
5798,1,1
19552,0,0
13950,1,1
6720,1,1
5114,0,0
7574,1,1
7843,1,1
6352,1,1
3678,1,1
13726,1,1
4283,1,1
5035,0,1
1871,1,1
14411,0,0
17665,1,1
19401,1,1
20587,1,1
17259,0,0
13706,0,0
5261,1,1
16954,0,0
10610,1,1
4863,1,1
13460,1,1
15272,1,1
16295,0,0
14528,0,0
6170,1,1
17319,0,0
15016,1,1
8417,1,1
16273,1,1
12634,0,0
7518,1,1
9726,1,1
2423,0,0
10074,0,0
17207,1,1
4578,0,1
2937,0,1
2386,1,1
8993,0,0
379,0,0
3221,0,0
3766,0,0
17910,1,1
16789,1,1
7825,0,0
9734,1,1
7527,0,0
10714,1,1
16911,0,0
20205,0,0
1472,0,0
569,0,0
18267,1,1
15182,1,1
10943,0,0
13894,0,0
18084,0,0
11278,1,1
1182,0,0
470,1,1
8637,0,0
1370,0,0
5425,1,1
3505,1,1
6641,1,1
8234,1,1
8126,0,0
8261,0,0
8455,0,0
12266,1,1
9433,0,0
16106,0,0
11618,0,0
10809,1,1
2893,0,0
14681,0,0
3607,1,1
9796,1,1
1624,0,0
15567,0,0
13747,0,0
2971,1,1
18466,0,0
969,1,1
6620,1,1
7209,0,0
8996,0,0
14343,1,1
19245,0,0
9170,0,0
8431,0,0
14377,1,1
7240,1,1
18605,0,0
15336,1,1
5746,1,1
2211,0,0
3957,1,1
4356,1,1
6055,1,1
20386,0,0
19497,1,1
681,1,1
16868,1,1
15345,0,0
12150,0,0
12680,1,1
7169,0,0
13456,1,1
2178,0,0
19988,1,1
16272,1,1
2413,0,0
15164,0,0
1175,1,1
2753,1,1
8575,1,1
10535,0,0
19428,1,1
20596,1,1
18653,0,0
8668,1,1
1225,1,1
10076,0,0
8420,0,0
5168,0,0
11410,1,1
88,1,1
17701,1,1
5373,0,0
1325,1,1
13528,0,0
19067,0,0
13934,1,1
3498,1,1
3723,0,1
952,1,1
7822,1,1
6999,1,1
7809,1,1
15385,0,0
8663,0,0
20168,0,0
5732,0,0
4257,1,1
17470,0,0
3764,1,1
14804,0,0
15723,1,1
7565,0,0
5273,0,0
18699,0,0
15346,0,0
18054,1,1
6423,1,1
19142,1,1
12412,0,0
10647,1,1
10161,1,1
18059,1,1
12407,1,1
4021,1,1
383,0,1
6279,1,1
14027,1,1
3843,0,0
9688,1,1
19795,1,1
6397,0,0
11931,0,0
8511,0,0
7818,0,0
7705,1,1
2468,1,1
11716,1,1
4692,1,1
20609,0,0
15560,1,1
2050,1,1
4303,1,1
5308,1,1
16258,1,1
20157,0,0
5554,1,1
6023,1,1
20276,0,1
14526,1,1
2936,1,1
15642,1,1
19019,1,1
10187,0,0
16834,0,0
11064,0,0
11279,1,1
3544,0,0
10069,0,0
13058,0,0
2772,1,1
20088,0,0
13791,1,1
4897,1,1
4185,1,1
4259,0,0
5021,0,0
15278,0,1
14741,1,1
6471,0,0
1896,0,0
738,0,0
6350,1,1
16110,1,1
4696,1,1
20250,1,1
11946,0,0
8890,0,0
8413,0,0
14332,0,0
17983,0,0
11681,1,1
5225,0,0
7907,0,0
1010,0,0
14699,1,1
12927,1,1
11898,1,1
8632,1,1
8113,1,1
15171,1,1
1853,1,1
17189,0,0
10789,0,0
17782,0,0
4154,0,0
17969,1,1
17566,0,0
8864,1,1
11708,0,0
13844,0,0
11914,0,0
2035,0,0
12542,0,0
15202,0,0
18629,0,0
11212,1,1
7473,0,0
1638,1,1
15714,0,0
12228,0,0
3072,1,1
8402,0,0
11658,1,1
14242,0,0
20103,1,1
18472,1,1
8937,0,0
5380,1,1
4653,1,1
12047,0,0
11507,0,0
5267,1,1
15888,1,1
7392,0,0
9607,1,1
12614,0,0
9211,0,0
3814,1,1
16170,1,0
12537,1,1
20387,0,0
9909,0,0
18600,1,1
20215,1,1
4194,1,1
7087,0,0
5852,0,0
16510,0,0
19272,1,1
3605,1,1
5346,1,1
45,1,1
7183,1,1
2898,0,1
12377,1,1
2920,0,1
6611,0,0
3421,0,0
1889,1,1
5539,0,0
10261,0,0
20618,0,0
622,1,1
17075,0,0
5894,0,0
8797,1,1
14783,1,1
17537,1,1
5395,0,0
14946,1,1
16133,1,1
12880,1,1
12356,1,1
13607,0,0
16578,1,1
2175,0,0
3650,1,1
12241,1,1
9973,0,0
2525,0,0
12370,0,0
17636,1,1
13838,0,0
7655,0,0
16673,0,1
17267,0,0
20730,1,1
3815,0,0
7334,0,0
3290,1,1
10373,0,0
12569,1,1
7917,1,1
18938,0,0
17930,1,1
900,1,1
20657,1,1
3239,0,0
13600,0,0
13064,1,1
2262,0,0
2680,0,0
19054,1,1
20463,1,1
5309,1,1
18912,1,1
8190,1,1
13900,1,1
16315,0,0
12923,0,0
4071,0,0
14487,1,1
11882,0,0
11654,0,0
5856,1,1
7999,0,0
2710,0,0
19409,1,1
20437,0,0
13567,0,0
2479,1,1
14252,0,0
16535,0,0
6856,0,0
9372,1,1
15784,1,1
792,1,1
17979,1,1
14358,0,0
14594,0,0
8786,1,1
862,0,0
4755,0,0
1566,1,1
13116,0,0
15654,0,0
5910,1,1
15123,0,0
9128,1,1
17517,1,1
7562,0,0
12930,0,0
20531,0,0
16228,1,1
20224,1,1
6821,0,1
20018,1,0
15282,1,1
2977,1,1
4894,1,1
10398,1,1
11706,0,0
11798,0,0
1620,1,1
17102,1,1
16361,0,0
9174,0,0
14161,1,1
15083,1,1
15169,0,0
13508,0,0
7210,1,1
2016,1,1
16991,1,1
15770,0,0
923,0,0
13070,0,0
5122,1,1
5492,0,0
15411,1,0
28,1,1
2485,0,0
3630,0,0
6929,0,0
20423,1,1
14171,0,0
17913,0,0
3383,1,1
11936,1,1
11670,1,1
19079,0,0
5859,1,1
6489,0,0
6544,1,1
20619,0,0
12529,1,1
11940,0,0
6532,0,0
11572,1,1
10681,0,1
8249,0,0
981,1,1
18970,1,1
19516,1,1
13942,0,0
19711,1,1
6745,1,1
3541,0,0
20560,0,0
19637,1,1
17371,0,0
7534,0,0
15471,0,0
19799,1,1
8281,1,1
7019,1,1
3355,1,1
14449,1,1
19289,1,1
4202,1,1
15053,1,1
8011,0,0
14238,0,0
12097,1,1
8427,0,0
3184,0,0
11927,1,1
17218,0,0
9121,1,1
14539,0,0
18405,1,1
7751,1,1
13483,1,1
5691,0,0
5581,0,0
617,0,0
6558,0,0
2826,0,0
7762,1,1
2678,0,0
2811,0,0
4496,1,1
14638,0,0
14271,1,1
17998,1,1
8297,1,1
7757,0,0
4307,0,0
10832,0,0
20575,0,0
11858,0,0
8546,0,0
3453,0,0
9169,1,1
7681,1,1
15021,0,0
3791,1,1
7120,0,0
8933,1,1
18065,0,0
1033,1,1
20260,0,0
18453,1,1
10807,0,1
6245,0,0
3479,0,0
13692,1,1
3497,0,0
11276,0,0
4810,1,1
5389,0,0
7841,0,0
14864,0,0
6550,1,1
17057,1,1
14902,0,0
11089,0,0
2011,1,1
10410,0,0
3574,0,0
16668,1,1
386,0,0
15512,0,0
2464,0,0
12048,1,1
5224,0,0
5963,1,1
19805,1,0
10841,0,0
18779,0,0
7265,0,0
2388,0,0
116,0,0
9253,1,0
8961,1,1
17467,0,0
13657,1,1
11611,1,1
8931,0,1
9930,1,1
19437,0,0
9143,0,0
9807,1,1
10646,1,1
19096,1,1
7236,0,0
18674,1,1
7031,1,1
7766,0,0
19327,0,1
7994,1,1
16873,0,0
2598,0,1
14976,0,0
706,1,1
14166,0,0
20663,1,1
11437,1,1
13620,1,1
2219,0,0
14685,1,1
19554,1,1
8776,1,0
512,1,1
11807,0,0
14467,1,1
17536,1,1
19888,1,1
18586,0,0
16569,0,0
11186,1,1
17435,0,0
3521,1,1
7996,1,1
11943,0,0
6137,1,1
7925,1,1
11783,0,1
3734,0,0
17926,1,1
197,0,0
3706,0,1
14576,0,0
11347,0,0
1108,1,1
10215,1,1
11228,0,0
3357,0,0
18657,1,1
1840,0,0
15802,0,0
9181,0,0
7335,0,0
15327,1,1
13341,0,0
11718,0,1
3868,1,1
1986,0,0
19718,0,0
865,0,0
2763,0,0
11709,0,0
9571,1,0
5536,0,0
9313,1,1
18193,0,0
19329,0,0
3631,1,1
13869,0,0
19650,1,1
11650,0,0
13230,0,0
5639,1,1
18367,1,1
5968,0,0
8441,1,0
15145,1,1
13911,1,1
98,1,1
1936,1,1
5197,0,0
3965,1,1
19499,1,1
20143,1,1
9443,1,1
16068,0,0
9764,1,1
5366,1,1
12950,1,1
18421,0,0
14806,0,0
147,1,1
6861,1,1
12179,1,1
8851,1,1
12260,1,1
19300,0,0
4144,1,1
11776,1,1
13549,0,0
10760,1,1
19836,1,1
4857,0,1
19237,0,0
17121,1,1
16803,0,0
861,0,0
10801,1,1
9816,0,0
20210,1,1
17651,0,0
2568,0,0
10672,1,1
7637,0,0
4065,0,0
5063,0,0
2757,0,0
7694,0,0
4651,1,1
3038,0,0
5278,0,0
13372,0,0
6069,1,1
1359,0,0
1525,0,0
9259,1,1
2580,1,1
7773,0,0
2324,1,1
3817,1,1
4055,1,1
18257,0,0
13401,0,0
19146,1,1
7617,0,0
13938,1,1
12,0,1
19671,0,0
5702,0,1
19320,0,0
15277,0,0
4854,0,0
13877,1,1
17647,1,1
8585,0,0
8914,1,1
13137,0,0
6780,0,0
14851,0,0
2877,1,1
6969,1,0
4116,0,0
12983,1,1
18943,1,1
2059,1,1
11376,1,1
14654,1,1
7333,1,1
9214,1,1
18095,1,1
4413,1,1
259,0,0
859,0,0
14792,1,1
7831,0,0
7814,1,1
4559,0,0
2894,0,0
5047,0,0
12609,1,1
3426,1,1
11702,1,1
18997,0,0
12325,1,1
9416,0,0
4687,0,0
2957,0,0
7953,0,0
4919,1,1
14991,1,1
18700,1,1
2030,0,0
16109,0,0
7391,1,1
5872,0,0
17180,0,0
17630,1,1
2751,1,1
19623,0,0
12157,1,1
14996,0,0
11088,0,0
15973,0,0
5306,1,1
6646,0,0
15161,0,0
1049,0,0
16772,1,1
16343,0,0
20588,1,1
7901,0,0
18876,1,1
15098,1,1
5793,1,1
20174,1,1
15592,0,0
5488,1,1
12743,0,0
125,1,1
9029,0,0
2166,1,1
1479,1,1
15062,1,1
7665,0,0
271,1,1
6311,1,1
15748,0,0
10855,1,1
8050,1,1
1600,0,0
7378,1,1
17127,1,1
20259,1,1
10498,1,1
15838,1,1
8940,1,1
17505,1,1
20724,1,1
1070,0,0
12962,0,0
660,0,0
13641,0,0
1121,1,1
4660,1,1
17166,1,1
16663,0,0
11743,0,0
4273,0,0
8494,1,1
12903,1,1
8381,0,0
17201,1,1
16948,0,0
11527,0,0
19892,1,1
1183,0,0
6506,1,1
17918,1,1
19077,0,0
10383,0,0
11588,0,0
20281,1,1
15183,1,1
20022,0,0
16558,0,0
3089,0,0
5705,1,1
12712,0,0
18530,0,0
5343,0,0
11003,1,1
10649,1,1
5782,1,1
17909,0,0
7779,1,1
17788,1,1
6841,1,1
8564,0,0
18090,1,1
16637,1,1
19251,0,0
8713,1,1
14771,1,1
6017,0,0
13921,0,0
9371,0,0
20573,1,1
4534,1,1
18990,1,1
4723,1,0
13635,1,1
14519,1,1
9042,0,0
5936,1,1
8583,1,1
7420,1,1
1515,1,1
8484,0,0
19994,0,0
15343,0,0
3132,0,0
20532,0,0
7035,1,1
6115,0,0
16855,0,0
12616,0,0
6722,0,0
20111,1,1
12200,1,1
1131,0,0
15492,0,0
18365,0,0
15199,0,0
9565,0,0
13532,0,0
4225,1,1
7496,0,0
6106,0,0
6794,1,1
10160,1,1
20649,1,1
20071,1,1
20449,0,0
11181,1,1
9831,0,0
5967,1,1
12598,0,0
7444,0,0
17071,1,1
8073,0,0
8233,1,1
2430,1,1
18487,1,1
8811,0,0
20333,0,0
5800,0,0
18597,1,1
18609,1,1
13765,0,0
12431,1,1
12476,1,1
15950,1,1
2455,1,1
958,0,0
12173,0,0
17790,1,1
7122,1,0
4166,1,1
12439,1,1
6231,0,0
12797,1,1
10870,0,0
20004,0,0
3286,0,0
9769,1,1
745,1,1
16441,1,1
1123,1,1
20058,1,1
5352,1,1
6575,1,1
19889,0,0
20750,0,0
635,1,1
13463,0,0
16768,0,0
11750,1,1
236,1,1
3199,1,1
8994,0,0
15890,1,1
17441,1,1
3327,0,1
12143,1,1
13129,1,1
9656,0,0
15293,0,0
16063,0,0
18230,0,0
17404,0,0
2381,1,1
207,0,0
10856,1,1
13179,1,1
7312,0,0
19618,1,0
4873,1,1
15522,0,0
14433,1,1
12895,0,0
19963,0,0
2961,0,0
6658,1,1
8981,0,0
14523,0,0
7461,0,0
10300,1,1
6578,1,1
6488,1,1
10495,0,0
15959,1,1
4367,1,1
10484,1,1
12033,0,0
15353,1,1
19161,1,1
10107,0,0
17786,1,1
740,0,1
782,1,1
18165,1,1
20415,1,1
19610,1,1
17562,1,1
18162,1,1
3495,1,1
8522,0,0
17375,0,0
17183,1,1
16525,1,1
10564,1,1
5148,1,1
18556,0,0
2303,0,0
20476,0,0
7280,0,0
17072,0,0
5685,0,0
12189,1,1
2465,1,1
20747,0,0
20593,0,0
13881,0,0
16307,0,1
11014,1,1
9071,0,0
6520,0,0
18761,0,0
20786,0,0
6058,1,1
14014,0,0
7269,1,1
10203,1,1
3561,1,1
19778,1,1
257,1,1
4551,1,1
9163,1,1
7106,1,1
8449,0,0
18759,0,0
16278,0,0
8136,1,1
4445,1,1
7006,0,0
18675,0,0
332,1,1
18865,0,0
15516,0,0
5514,0,0
4685,0,0
4246,0,0
1041,1,1
13513,1,1
12227,1,1
10492,0,0
19040,0,0
1845,0,0
18634,1,1
15472,0,0
5375,0,0
10052,1,1
2103,0,0
12801,1,1
14210,1,1
976,1,1
3534,1,1
7543,1,1
9537,0,0
9087,0,0
6864,0,0
18710,0,0
20493,1,1
10952,0,0
13917,1,1
15495,1,1
18888,1,1
17887,0,0
677,1,1
8375,1,1
9001,0,0
1203,0,0
6694,0,0
13715,1,0
429,1,1
6407,1,1
17372,0,0
1327,1,1
7217,1,1
18656,1,1
857,0,0
532,0,0
6901,1,1
14932,1,0
16588,1,1
1485,1,1
9018,1,1
6263,1,1
944,1,1
19831,0,0
6388,1,1
19271,1,1
18127,1,1
19046,0,0
6572,0,0
639,0,0
1531,0,0
3190,1,1
2521,0,0
5356,0,0
20679,0,0
17214,1,1
17898,0,0
12324,0,0
14405,1,1
12906,0,0
13672,1,1
1813,1,1
13910,0,0
9902,0,0
3991,1,1
1956,0,0
6671,1,1
1618,0,0
2318,1,1
14983,1,1
1545,0,0
1405,1,1
10578,0,0
20748,1,1
4526,1,1
13407,1,1
4031,0,0
7596,1,1
6168,0,0
8726,0,0
16651,0,0
13546,1,1
2584,1,1
12366,0,0
11451,1,1
46,1,1
2088,0,0
6269,0,0
10573,0,0
7051,0,0
8,1,1
18515,0,0
9132,1,1
1444,0,0
4507,1,1
11735,0,0
14773,1,1
19368,1,1
8158,1,1
5391,0,0
10524,1,1
10926,0,0
10833,1,1
1761,0,0
2298,1,1
7972,0,0
15242,0,0
20708,0,0
12510,0,0
13588,1,1
12026,0,0
16150,1,1
20491,1,1
1900,0,0
13458,1,1
1188,1,1
7034,0,0
14222,1,1
20639,1,1
18433,0,0
3270,1,1
12051,1,1
15896,1,1
5144,1,1
279,0,0
6493,0,0
15617,0,0
9588,1,1
19058,1,1
14114,0,0
12372,1,1
2602,0,0
14202,0,0
19174,1,1
5515,1,1
20006,0,0
15590,1,1
13480,0,0
16995,1,1
4076,1,1
7033,1,1
4011,1,1
19476,0,0
1497,1,1
12623,0,0
4432,0,0
16613,0,0
7952,1,1
2184,1,1
17599,0,0
6761,1,1
5881,0,0
15928,0,0
3121,0,0
2407,1,1
10199,1,1
12055,0,0
15392,0,0
11184,1,1
4809,0,0
240,1,1
114,0,0
6789,0,0
18200,1,1
16336,0,0
1957,1,1
15239,1,1
10916,1,1
12993,0,0
438,1,1
1407,0,0
5890,0,0
18844,0,1
7940,1,1
7053,1,1
4667,0,0
851,0,0
10412,1,1
14350,0,0
17293,0,0
1930,1,1
19537,1,0
17109,0,0
16753,1,1
7761,1,1
485,0,0
10094,0,0
4473,0,0
11519,1,1
6601,1,1
16012,1,1
9352,1,1
11517,0,0
15882,0,0
111,1,1
6536,0,0
1240,1,1
10548,0,0
18942,1,1
11967,1,1
3753,0,0
19800,0,0
2453,0,0
9314,1,1
9991,1,1
14416,0,0
13399,1,1
7216,0,0
4274,1,1
18531,0,0
13309,0,0
16900,0,0
13152,1,1
16180,0,0
8711,0,0
8727,0,0
3297,0,0
4059,0,0
13738,0,0
19695,1,1
3082,1,1
1296,1,1
13674,1,1
6678,1,1
3336,1,1
2329,1,1
14909,1,1
5562,0,0
17856,0,0
2665,0,0
17496,1,0
2515,1,1
16043,0,0
1276,0,0
14300,1,1
15670,1,1
20566,1,1
13231,1,1
14101,0,0
11129,1,1
12306,1,1
1454,1,1
16500,1,1
13357,1,0
4852,1,1
13266,1,1
6135,1,1
13238,1,1
13818,1,1
18754,1,1
18387,1,1
7882,1,1
609,1,1
14647,1,0
10998,1,1
20181,1,1
2351,0,0
7512,0,0
2315,1,1
15608,1,1
306,0,0
5451,0,0
4056,0,0
3389,1,1
1741,0,0
4884,0,0
11262,0,0
10159,1,1
10117,1,1
11907,1,1
5015,0,0
10900,0,0
8254,0,0
15803,0,0
5599,1,1
7235,0,0
19105,1,1
12064,1,1
12110,0,0
8351,1,1
2045,0,0
14529,1,1
12602,1,1
10942,0,0
2840,1,1
9310,0,0
18987,0,0
6639,0,0
9652,1,1
10706,0,0
6239,0,0
8053,1,1
13148,0,0
11677,0,0
5419,0,0
10547,1,1
14132,1,1
13984,0,0
18829,0,0
16799,1,1
3996,1,1
10381,1,1
9070,1,1
14564,1,1
14002,1,0
17601,1,1
16107,0,0
8675,1,1
11422,1,1
11816,1,1
16310,1,1
14610,1,1
14275,0,0
2999,0,0
20443,0,0
10125,1,1
13250,0,0
4718,0,0
9924,1,1
19531,1,1
13584,0,0
19147,0,0
15591,0,0
13891,0,0
13367,1,1
18589,0,0
5345,1,1
14812,1,1
3893,0,0
11036,0,0
15596,1,1
14347,0,0
2220,0,0
12420,0,0
19512,1,1
983,0,0
4484,1,1
19683,0,0
14286,0,0
138,1,1
5461,0,0
6016,0,0
13462,0,1
5609,1,1
10388,1,1
1067,0,0
17807,0,0
13430,1,1
7631,0,0
7580,1,1
16531,0,1
17384,0,0
869,1,1
100,0,0
3233,1,1
648,1,1
4598,0,0
17162,1,1
18012,0,0
11381,1,1
926,1,1
10709,1,1
19674,1,1
13859,1,1
17852,1,1
11663,1,1
6686,1,1
18567,1,1
8003,1,1
8299,1,1
18916,1,1
12249,1,1
5518,0,0
15218,1,1
14644,1,1
4910,1,1
18658,1,1
15303,1,1
9003,1,1
10269,1,1
10272,0,0
12567,0,1
17758,0,0
8598,0,0
13959,0,0
15270,1,1
11673,1,1
20119,1,1
14149,0,0
16344,0,0
17249,1,1
4335,0,0
4408,0,0
16718,0,0
15113,1,1
6157,0,0
16440,1,1
9692,0,0
3930,0,0
20409,1,1
16351,1,1
5943,0,0
15963,1,1
3909,0,0
11478,1,1
20544,1,1
11159,0,0
2348,1,1
8912,0,0
18436,0,0
16758,0,0
18727,1,1
20312,1,1
2562,1,1
3150,0,0
1474,1,1
15255,0,0
17956,0,0
3500,0,0
6911,0,0
10241,1,1
19025,0,0
16664,1,1
20530,1,1
9262,1,1
19842,1,1
3322,1,1
9928,1,1
10075,0,0
19466,0,0
18802,0,0
7546,0,0
1819,0,0
13284,1,1
6945,0,0
7748,0,0
8195,0,0
2505,1,1
473,1,1
9051,0,0
15035,0,0
13827,1,1
12338,0,0
19372,1,1
407,1,1
3762,1,1
18122,1,1
5481,0,0
14793,0,0
14979,0,0
17568,0,0
14392,1,1
11492,1,1
20327,1,1
5628,1,1
13010,0,0
1401,1,1
3477,0,0
16989,1,1
14637,1,1
17620,1,1
7165,1,1
3547,0,0
6877,0,0
3790,1,0
7305,0,0
1783,1,1
18901,0,0
7919,0,0
7946,1,1
4316,1,1
1390,0,0
9405,0,0
9138,0,0
772,1,1
2624,0,0
3584,0,0
6625,1,1
18911,1,1
4699,1,1
18252,0,0
3849,0,1
5784,1,1
140,0,0
8643,1,1
15821,0,0
12145,1,1
17327,0,0
5531,1,1
14256,0,0
7167,1,1
7679,1,1
18281,1,1
17661,0,0
19434,0,0
19055,0,0
7132,0,0
11573,0,0
7613,0,0
7556,0,0
16187,0,0
14706,1,1
7434,1,1
13014,1,1
9073,1,1
8681,1,1
14709,0,0
9523,0,0
2026,1,1
339,1,1
10,1,1
1202,1,1
5696,0,0
8384,0,1
16231,1,1
6406,1,1
8707,0,0
20790,0,0
3976,1,1
6712,1,1
17880,0,1
4217,1,1
16821,1,1
13205,1,1
18944,0,0
4512,0,0
15904,0,0
1007,1,1
6889,0,0
9631,0,0
9425,0,0
18774,1,1
2504,1,1
13898,0,0
11123,0,0
14251,1,1
3853,1,1
7032,0,0
19169,1,1
18448,0,0
1425,1,1
13654,1,1
5489,1,1
17370,0,0
10195,1,0
16262,0,0
4532,0,0
847,1,1
14904,1,1
9589,1,1
20123,0,0
4786,1,1
2933,0,0
15006,0,0
6947,0,0
15198,1,1
17728,1,1
8807,0,0
15371,0,0
17050,1,1
11578,1,1
1631,0,0
13017,1,1
16962,0,0
10595,0,0
13145,1,1
16693,1,1
6998,0,0
20286,0,0
3977,1,1
1716,0,0
5037,1,1
18394,0,0
17827,0,0
8288,0,0
15947,1,1
3350,1,1
5440,1,1
5613,0,0
7257,0,0
20648,0,0
18890,1,1
10378,1,1
893,0,0
11428,0,0
20622,1,1
4163,0,0
6880,1,1
9691,0,0
16602,1,1
19384,1,1
4131,1,1
10342,1,1
11275,0,0
15043,0,0
18726,1,1
451,1,1
15702,1,1
16795,1,1
10825,0,0
6994,1,1
17691,0,0
14072,1,1
15768,0,0
17545,0,0
8304,1,1
14779,0,0
14984,1,1
10574,1,1
9964,0,0
11652,0,0
8129,0,0
14727,1,1
19495,1,1
4947,0,0
11257,0,0
11469,1,1
15901,1,1
9896,1,1
7560,1,1
14777,0,0
16743,0,0
11493,1,1
15679,1,1
11546,0,0
12663,1,1
5578,1,1
8436,0,0
19952,0,0
8925,1,1
9208,1,0
1850,0,0
18385,0,0
3030,0,0
3501,1,1
7918,0,0
9634,0,0
3780,1,1
12698,0,0
18068,0,0
16445,0,0
1167,1,1
15010,0,0
4802,0,0
6937,1,0
4050,0,0
18135,0,0
13393,1,1
17161,1,1
15958,0,0
4082,0,1
3485,0,0
15229,1,1
1190,1,1
4485,1,1
4523,1,1
10389,1,1
17217,0,0
1384,0,0
1260,0,0
15779,0,0
16166,0,0
7190,1,1
6812,1,1
16366,1,1
19884,0,0
2131,0,0
8501,0,0
12892,1,1
13631,0,0
4090,1,1
15688,0,0
5305,0,0
13667,1,1
1265,0,0
14219,0,0
11966,0,0
14181,0,0
14686,1,1
5777,1,1
3540,1,1
7857,1,1
18872,1,1
17506,0,1
1707,1,1
26,0,0
17310,0,0
11803,0,1
18066,0,0
572,0,0
11013,0,0
1414,1,1
13119,1,1
14258,1,1
8917,1,1
12079,0,0
5269,1,1
8346,0,0
2738,0,0
12022,1,1
4519,0,0
20482,0,0
5257,0,0
20713,0,0
2374,1,1
8795,0,0
14431,0,0
19546,1,1
18403,1,1
12206,1,1
4269,1,1
11355,0,0
19558,0,0
9150,1,1
3548,1,1
10699,0,0
14820,1,1
2442,0,0
3142,1,1
2061,0,0
608,0,0
10820,0,0
12517,1,1
17170,1,1
20279,0,0
2057,0,0
2864,0,0
14993,1,1
5517,0,0
19804,1,1
1336,0,0
4885,1,1
6892,0,0
7040,0,0
8333,0,0
1606,1,1
6867,0,0
5987,0,0
2402,0,0
13247,0,0
18638,1,1
17478,1,1
11812,1,1
393,1,1
3052,1,1
12628,0,0
6241,1,1
4646,1,1
1038,1,1
17030,1,1
1284,1,1
15433,0,0
11147,0,0
8877,0,0
16,1,1
16687,1,1
13813,0,0
1923,1,1
5560,0,0
6687,1,1
8078,1,1
10336,1,0
4761,1,1
18415,0,0
2370,1,1
19351,1,1
12866,1,1
9361,0,0
6618,0,0
19262,0,0
4753,0,0
10029,1,1
18730,1,1
2897,0,0
5217,0,0
10352,0,0
19475,0,0
6191,1,1
8944,0,0
11622,1,1
18413,0,0
1780,1,1
11903,1,1
8755,0,0
12424,0,0
3635,1,1
12440,0,0
8032,0,0
6588,0,0
9490,0,0
19085,1,1
9429,1,1
14464,0,0
17346,1,1
3818,1,1
9864,1,1
18841,1,1
5322,1,1
2025,1,1
19064,0,0
8677,0,0
5760,1,1
17439,0,0
12618,0,0
15085,0,0
1610,0,0
4146,0,0
13788,1,1
3339,1,1
11968,1,1
20087,0,0
10781,1,1
3289,0,0
11166,1,1
16763,1,1
20160,0,0
174,0,0
19091,0,0
9947,1,1
13916,1,1
11757,1,1
14728,1,1
16858,0,0
14646,1,1
8174,1,1
903,1,1
16562,1,1
9762,0,0
11474,0,0
15246,1,1
248,1,1
20430,1,1
872,0,0
1341,0,0
10467,1,1
2586,1,1
8878,0,0
19062,1,1
6683,0,0
2108,0,0
19864,0,0
20585,0,0
2210,0,0
15374,0,0
16238,1,1
12965,1,1
15777,1,1
6196,0,0
5693,1,1
3682,1,1
7430,0,0
19573,0,0
20317,1,1
5649,1,1
12975,0,0
17702,0,0
10109,1,1
20527,1,1
6795,1,1
7355,0,0
9159,0,0
7408,0,0
10282,1,0
15817,1,1
1604,0,0
16823,0,0
495,0,0
13527,0,0
9171,1,1
4643,1,1
10786,1,1
10762,1,1
19412,1,1
16147,0,0
7967,1,1
16048,0,0
16090,1,1
9248,0,0
1655,1,1
7475,1,1
19850,1,1
9911,0,0
20685,1,1
1090,0,0
20326,0,0
15386,0,0
3429,0,0
15078,1,1
14047,0,0
9633,1,1
5172,1,1
2663,0,0
5844,0,0
7883,0,0
9836,1,1
19926,0,0
109,1,1
2189,1,1
11007,0,1
11749,1,1
16815,1,1
2049,0,0
10836,0,0
14754,0,0
20571,0,0
13175,1,1
14708,0,0
13293,0,0
13742,0,0
14374,0,0
19700,1,0
9648,0,0
12762,1,1
8930,0,0
5824,0,0
1197,0,0
5271,1,1
4820,0,0
6324,1,1
10835,0,0
9078,1,1
12020,0,0
5426,0,0
2243,0,0
11055,0,0
11569,1,1
7372,1,1
11126,0,0
12350,1,1
13805,1,1
5497,1,1
3982,0,0
16557,0,0
12764,1,1
19074,1,1
4607,1,1
698,1,0
11827,1,1
2179,0,0
6921,1,1
6984,1,1
16724,1,1
4439,1,1
19734,1,1
20640,1,0
1498,1,1
12397,1,1
5690,0,0
15080,1,0
15730,0,0
7523,0,0
1872,1,1
18926,1,1
3820,1,1
15069,1,1
7196,0,0
13155,0,0
5436,1,1
9106,0,1
2863,0,1
18308,0,0
19302,0,0
14657,0,0
729,1,1
11665,1,1
20032,0,0
13082,0,1
19576,1,1
5341,1,1
10977,0,0
16159,1,1
16652,1,1
3842,1,1
10284,1,1
14590,0,0
15228,0,0
18660,0,0
1036,1,1
8256,0,0
2380,1,1
11046,1,1
16616,0,0
198,1,1
12721,0,0
9414,0,0
14573,1,1
5797,0,0
11157,1,1
13543,0,0
6953,1,0
1017,1,1
14658,0,0
17574,1,1
9635,1,1
18966,1,1
19036,0,0
5521,1,1
16392,0,0
15268,0,0
6360,0,0
5845,1,0
323,1,1
7078,1,1
12506,0,0
3416,0,0
15597,0,0
10254,1,1
6803,1,1
15017,0,0
5082,1,1
17687,0,0
3310,0,0
8648,0,0
726,0,0
9534,1,1
11934,0,0
18441,1,1
15389,1,1
16998,1,1
9886,0,0
4008,1,1
11356,1,1
8827,1,1
16378,0,0
15684,1,1
19588,1,1
779,1,1
7714,1,1
7296,0,0
17667,0,0
920,1,1
16386,1,1
17473,0,0
4965,1,1
15071,0,0
12671,1,1
9983,0,0
14195,0,0
4498,0,0
18797,1,1
6764,1,1
3598,0,0
6912,0,0
3727,1,1
12122,0,0
19930,1,1
9978,1,1
3861,0,0
14684,0,0
20104,0,0
3362,0,0
12989,0,0
13425,1,1
18042,1,1
11920,0,0
7682,1,1
18167,0,0
1150,0,0
13073,1,1
316,0,0
15197,1,1
2399,0,0
10642,1,1
20296,1,1
5289,0,1
874,0,0
1471,0,0
7186,0,0
1922,1,1
10895,1,1
15849,1,1
3071,1,1
11100,1,1
19638,1,1
4673,1,1
16685,0,0
10328,0,0
3619,1,1
13848,1,1
18992,1,1
16402,0,0
11714,1,1
15519,0,0
15910,1,1
11066,0,0
5402,1,1
11834,0,0
20715,0,1
2839,0,0
9090,1,1
19242,1,1
15103,0,0
5418,0,1
18733,0,0
7629,1,1
1113,0,0
14861,0,0
10245,0,0
4477,1,1
3047,1,1
2216,1,1
19696,1,1
10698,0,0
7097,0,0
4425,0,0
15214,1,1
5288,1,1
12084,1,1
13499,0,0
5437,0,0
1314,1,1
2608,0,0
9598,0,0
9291,1,1
19751,1,1
7136,0,0
6285,1,1
12093,0,0
19301,1,1
10425,0,0
7709,1,1
17323,1,1
17254,0,0
3773,1,1
5932,0,0
20762,0,0
18101,1,1
13797,1,1
4851,1,1
16021,1,1
5057,1,1
5769,0,0
19180,1,1
13671,0,0
11185,1,1
6218,0,0
11999,0,0
17557,0,0
731,1,1
8128,1,1
10758,0,0
11844,0,0
16281,1,1
7003,1,1
12296,0,0
6229,0,0
242,1,1
17173,1,1
17546,1,1
20556,0,0
8970,0,0
16559,1,1
8823,1,1
7309,1,1
5169,1,1
5016,1,1
3797,0,0
1745,1,1
798,0,0
9040,1,1
15185,1,1
6260,1,1
8385,1,1
18828,0,0
17153,1,1
2931,1,1
5662,0,0
2508,0,0
9137,0,0
20251,0,0
14368,1,1
17917,1,1
6090,1,1
12336,1,1
8500,0,0
14514,1,1
7014,0,0
19044,0,0
15911,1,1
3828,0,0
12434,0,0
5348,1,1
11350,0,0
15397,0,0
17939,0,0
7452,1,1
20216,1,1
18713,1,1
20162,0,1
14579,0,0
408,1,1
14264,1,0
5655,0,0
10538,1,1
8146,1,1
10287,1,1
2182,0,0
10420,1,1
1734,1,1
13143,0,0
12168,1,1
12734,0,0
7171,1,1
18593,1,1
6543,0,0
19973,1,1
20176,0,0
4385,0,0
592,0,0
20406,1,1
2007,1,1
3674,1,1
2972,0,0
11309,1,1
11385,0,0
16604,0,0
5607,0,0
1770,1,1
3216,1,1
9513,1,1
10489,1,1
1368,1,1
11637,0,0
8088,0,0
3622,1,1
8983,0,0
2544,1,1
18005,1,1
13484,1,1
11602,0,0
9328,0,1
2604,1,1
17538,1,1
5078,1,1
13239,1,1
20755,1,1
18532,0,0
13804,1,1
2023,0,0
13272,1,1
2876,0,0
10376,0,0
14625,1,1
5100,0,0
6672,0,0
4223,1,1
9785,1,1
12551,1,1
19608,0,0
8778,0,0
17449,0,0
8415,0,0
17653,0,0
1347,1,1
3054,1,1
4683,0,0
6553,0,0
12120,0,0
9356,1,1
10618,0,0
13474,0,0
14302,1,1
4324,1,1
13446,1,1
7520,1,1
972,1,1
13789,0,0
15240,0,0
5905,1,1
6788,0,0
1026,1,1
8201,0,0
9110,0,0
5564,0,0
267,0,0
20013,1,1
8491,0,0
17296,1,1
15659,1,1
17982,1,1
15482,0,0
6329,1,1
14177,1,1
2064,0,0
15637,1,1
2390,1,1
1901,1,1
4157,0,0
1541,0,0
5965,0,0
3281,0,0
115,1,1
4503,1,1
18430,1,1
15025,0,0
10761,1,1
7577,1,1
192,0,0
4801,0,0
16895,1,1
13778,1,1
1166,1,1
1569,0,0
14442,0,0
4092,1,1
13990,1,1
3902,1,1
14339,0,0
16725,0,0
15395,0,0
2495,0,0
15666,0,0
16634,1,1
9616,1,1
2141,1,1
2909,0,0
2467,1,1
547,0,0
18399,0,0
15656,0,0
5443,1,1
717,1,1
1614,1,1
19081,1,1
14842,0,0
8486,1,1
11024,1,1
15365,0,0
20334,0,0
1350,0,0
11911,0,0
6757,1,1
16897,1,1
12374,0,0
16186,1,1
14066,1,0
5061,0,0
2206,0,0
9554,0,0
15140,0,0
20765,0,0
6463,1,1
16831,1,1
18375,0,0
7623,1,1
14158,0,0
17067,1,1
7842,0,0
15410,0,0
13297,1,1
4169,0,0
16158,1,1
5583,1,1
156,0,1
16422,1,1
3609,1,1
7022,1,1
10396,0,0
20457,0,0
8831,0,0
11312,1,1
6412,1,1
8068,1,1
2919,0,0
16469,0,0
1360,1,1
9271,0,0
11558,0,0
5507,1,1
20321,1,1
18307,0,0
4763,0,0
7770,0,0
12309,0,0
19860,0,0
10209,1,1
18214,1,1
4134,0,0
3240,0,0
5476,1,1
2921,1,1
19461,0,0
9260,1,1
14038,1,1
8524,1,1
11031,0,0
19281,0,0
7492,1,1
14747,1,1
4045,1,1
1949,0,0
19201,1,1
3768,0,0
14817,0,0
3124,0,0
2789,1,1
19803,0,0
13647,1,1
12885,0,0
2208,0,0
8749,0,0
1221,0,0
17256,0,0
17793,0,0
18041,1,1
18008,1,1
20264,1,1
5950,1,1
13786,0,0
18528,1,1
3262,1,1
12817,1,1
13422,1,1
7971,1,1
20416,1,1
7539,1,1
17418,0,0
827,0,0
11142,1,1
10172,0,0
20673,1,0
16054,1,1
13236,0,0
17547,0,0
3805,1,1
6842,0,0
20261,1,1
14308,0,0
8839,0,0
12731,0,0
7443,1,1
928,1,1
14234,0,0
14907,0,0
4365,1,1
11253,1,1
810,1,1
255,0,0
20220,1,1
20266,0,0
12267,1,1
10422,1,1
6207,1,1
7796,0,0
12573,0,0
17049,1,1
16628,1,1
17879,1,1
4759,0,0
2835,1,1
3648,1,1
2770,0,0
15247,0,0
4832,1,1
14380,0,0
2628,1,1
9653,1,0
12948,0,0
14568,0,0
18784,1,1
7469,1,1
15952,0,0
18208,0,0
20153,1,1
2293,1,1
5004,1,1
8184,1,1
19563,1,1
13773,0,0
1702,1,1
5026,0,0
4706,1,1
8824,0,0
12140,1,1
2930,1,1
1378,0,0
4861,1,1
539,1,1
4601,0,0
14893,1,1
882,0,0
15793,0,0
12248,0,0
17406,0,0
14985,1,0
1906,1,1
12086,0,0
20117,0,0
36,0,0
10068,0,0
16672,0,0
18401,1,1
13140,0,0
568,0,0
4760,0,0
20228,0,0
15872,0,0
7688,0,0
7085,1,1
12961,0,0
10531,1,1
14612,1,1
16820,0,1
7821,0,0
15650,0,0
1554,1,1
16280,1,1
251,0,0
17818,1,1
19028,1,1
16200,0,0
7260,0,0
1418,0,0
15761,0,0
15273,1,1
13275,1,1
13648,0,0
13598,0,0
18381,1,1
8038,1,1
1539,1,1
7219,1,1
8114,1,1
2482,1,0
18270,0,0
12695,0,0
8392,1,1
11277,0,0
15460,1,1
3120,1,1
8590,0,0
6482,0,0
9153,1,1
9647,0,0
14424,0,0
15193,0,0
10115,1,1
2466,1,1
14193,1,1
283,1,1
6968,0,0
6253,0,0
75,1,1
2682,1,1
6125,0,0
6235,0,0
7672,1,1
19450,1,1
6156,0,0
10735,1,1
18781,1,1
5045,1,1
9825,1,1
14015,0,0
7493,0,0
13373,0,0
2942,0,0
10813,0,0
2069,0,0
13905,0,0
1656,0,0
5383,1,1
1382,1,1
7669,0,0
18826,1,1
4325,0,0
2440,0,0
12473,1,1
17321,0,0
12912,1,1
2056,0,0
11415,0,0
6294,1,1
11871,0,0
587,0,0
17280,1,1
7941,1,1
20190,0,0
16070,1,1
18940,1,1
16543,0,0
18665,0,0
5597,1,1
8559,1,1
5833,0,0
330,1,1
289,1,1
4881,0,0
3456,0,0
3827,1,1
20079,0,1
2819,0,0
19710,1,1
4094,1,1
9815,0,0
15220,0,0
3690,1,1
13229,1,1
2519,1,1
14571,1,1
1499,1,1
285,1,1
4727,1,1
894,1,1
13882,0,0
3526,0,0
13640,1,1
8746,1,1
12710,0,0
14281,0,0
4198,0,0
7497,1,1
9904,1,1
930,1,1
7206,0,0
7771,1,1
1701,1,1
10526,0,0
16271,1,1
11487,1,1
6711,0,0
8370,0,0
14660,0,0
14618,0,0
390,0,0
554,1,1
2652,0,0
5087,1,1
1046,1,1
1644,1,1
15499,0,0
14189,1,1
9023,0,0
18061,0,0
10414,0,0
2856,1,1
13764,0,0
15765,0,0
11077,0,0
13270,0,0
17530,1,1
13041,0,0
13370,0,0
2363,0,0
15878,0,0
14795,0,0
14665,0,0
15406,1,0
19605,0,0
68,0,0
19868,1,1
6282,1,1
4892,1,1
15060,0,0
9089,0,0
20546,1,1
10659,0,0
1730,0,0
3632,1,1
5031,0,0
8119,1,1
1127,0,0
7723,0,0
18149,1,1
8666,1,1
3061,1,1
14515,1,1
13637,1,1
9377,1,1
3196,0,1
6959,1,0
2205,1,1
17713,1,1
11258,0,0
6902,1,1
18458,0,0
15217,1,1
1058,0,0
13433,0,0
19579,1,1
14175,0,0
2708,0,0
7468,0,0
19929,1,1
7707,1,1
15443,1,1
19570,0,0
2018,1,1
19811,0,0
17718,0,0
19802,0,0
1434,0,0
20620,0,0
2346,0,0
16869,0,0
14318,0,0
12691,0,0
20470,1,1
9713,1,1
15891,0,0
15706,1,1
16229,1,1
7594,0,0
482,1,1
7154,1,1
949,1,1
9444,0,0
13418,0,0
6927,1,1
5695,1,0
7746,0,0
542,0,0
19856,1,1
16319,1,1
3393,1,1
19390,1,1
8460,1,1
12977,0,0
4573,1,1
10329,1,1
9095,0,0
7352,1,1
17292,1,1
18550,0,0
8358,1,1
16352,1,1
10399,0,0
18718,1,1
2884,0,0
29,0,0
20529,0,0
6840,1,1
12544,1,1
10237,0,0
1909,1,1
10128,0,0
20031,0,0
10764,1,1
5317,1,1
14254,1,1
6685,1,1
989,0,0
18572,1,1
13405,0,0
489,1,1
9623,0,1
18205,0,0
19544,0,0
3581,0,0
15860,0,0
13024,1,1
14725,1,1
3656,0,0
8439,0,0
1846,0,0
110,1,1
20395,1,1
5020,1,1
4418,1,1
14090,1,1
5971,1,1
4227,1,1
1613,1,1
8757,0,0
14826,0,0
12972,1,1
8508,1,1
17205,1,1
90,1,1
18388,0,0
7968,1,1
8661,0,0
6039,1,1
19846,0,0
694,1,1
15918,0,0
385,1,1
10351,0,0
5981,0,0
17860,1,1
20595,0,0
16907,0,0
1416,0,0
11846,1,1
12354,0,0
3693,0,0
16194,0,0
4968,0,0
1538,1,1
19257,1,1
14962,1,1
9398,1,1
12875,1,1
2081,0,0
10078,0,1
21,0,0
8796,1,1
7896,1,1
19712,1,1
4793,0,0
18437,0,0
13441,0,0
7283,0,0
2201,0,0
8790,1,1
13590,1,1
9737,1,1
20434,0,0
13226,0,0
1598,1,1
8529,0,0
19843,0,0
14616,1,1
19745,1,1
14678,0,0
5699,1,1
15002,0,0
9893,0,0
8935,1,1
12736,0,0
15384,0,0
16446,1,1
20726,1,1
15907,1,1
4970,0,0
18300,0,0
5027,0,0
14153,1,1
11455,1,1
5977,1,1
20008,1,1
9943,0,0
10525,1,1
431,0,0
8217,1,1
17482,1,1
14876,0,0
4702,1,1
19032,1,1
15034,1,1
8116,0,0
16838,0,0
4241,0,0
16312,1,1
10230,1,1
16601,0,0
9088,0,0
5810,1,1
3118,0,0
10782,0,0
5678,1,1
4467,1,1
16108,0,0
13616,1,1
5250,1,1
10987,0,0
16416,1,1
2164,0,0
20496,1,1
647,1,1
15807,1,1
13617,1,1
3191,1,1
15578,0,0
11110,1,1
10757,1,1
7068,1,1
5911,0,0
6228,0,0
17193,1,1
13096,0,0
19160,0,0
17315,1,1
6320,0,0
14633,0,0
9988,0,0
20140,1,1
7466,1,0
18535,0,1
1547,0,1
20562,0,0
14221,0,0
14952,1,1
12855,1,0
5333,1,1
1198,0,0
6370,0,0
4409,1,1
2653,0,0
1393,1,1
5922,1,1
3361,1,1
10480,1,1
13031,1,1
11044,1,1
8544,1,1
3507,0,0
5466,1,1
12747,1,1
12861,0,0
3261,0,0
14994,0,0
8842,1,1
7341,0,0
17915,1,1
5796,0,0
9975,1,1
12837,1,1
18317,1,1
10036,0,0
16742,0,0
12371,0,0
7664,1,1
7691,0,0
13047,1,1
17059,1,1
2895,0,1
10875,1,1
18968,0,1
1869,0,0
10419,0,0
1184,0,0
18925,1,1
4171,0,0
7736,1,1
14353,0,0
17549,1,1
701,1,1
19943,0,0
20621,1,1
18237,1,1
9812,1,1
3672,1,1
11446,1,1
632,1,1
14997,1,1
704,0,0
16503,1,1
3712,1,1
7250,0,0
19208,1,1
6649,0,0
4003,1,1
2563,0,0
18806,0,0
5920,1,1
15102,1,1
7255,1,1
20207,0,0
10176,0,0
15987,1,1
11502,0,0
14253,1,1
1005,1,1
4133,0,0
2815,0,0
783,1,1
766,0,0
8531,1,1
4254,1,1
14562,0,0
20451,1,1
11006,1,1
3276,1,1
7332,1,1
718,0,0
10505,1,1
4235,0,0
3936,0,0
1959,0,0
2308,1,1
15148,1,1
6656,0,0
9376,1,1
5434,1,1
20039,0,1
13109,0,0
17308,0,0
12444,0,0
19583,0,0
349,0,0
4674,0,0
13603,0,0
1764,1,1
464,1,1
11745,0,0
4509,1,1
18334,1,1
5571,1,1
270,1,1
8769,0,0
17210,0,0
3958,0,0
1652,0,0
12630,0,0
15222,1,1
3571,1,1
11655,0,0
16584,0,0
11609,0,0
14004,0,0
17151,1,1
9044,0,0
10151,0,0
15998,1,1
14567,1,1
9327,0,0
2929,0,0
411,1,1
8394,1,1
11270,0,0
16695,1,1
15877,1,1
9149,1,1
17712,1,1
10533,0,0
19369,0,1
2777,0,0
256,0,0
5119,1,1
158,1,1
14853,0,0
12085,1,1
8092,1,1
7099,0,0
20634,1,1
15993,1,1
12715,1,0
2376,0,0
16057,1,1
5185,1,1
19882,0,0
1293,1,1
1683,0,0
14535,0,0
16755,1,1
19540,1,1
19953,1,1
16227,1,1
8037,0,0
10010,0,0
16909,1,1
19503,1,0
17169,1,1
8451,1,1
19419,0,0
12752,1,1
288,0,0
8622,1,1
4797,1,1
6455,0,0
10910,1,1
8255,0,0
11964,1,1
18542,0,0
11085,1,1
11379,1,1
6925,0,0
18432,1,1
9124,1,1
19134,0,0
5875,1,1
15435,1,1
19686,1,1
12804,0,0
10121,1,1
17518,0,0
15121,0,0
802,1,1
13168,1,1
603,1,1
8905,1,1
7101,1,1
2745,0,0
2823,0,0
5884,1,1
9052,1,1
1935,1,1
19819,0,0
824,1,1
17830,0,0
15157,0,0
19424,1,1
3123,1,1
20044,1,1
20295,1,1
13090,0,0
14956,0,0
4126,0,0
13069,0,0
18089,1,1
15451,1,1
20633,1,1
6071,1,1
6210,0,0
5657,1,1
3564,1,1
15221,0,0
1466,0,0
5471,0,0
204,0,0
705,1,1
9868,0,0
6505,0,0
3,0,0
44,1,1
15776,1,1
17380,0,0
12509,1,1
16846,1,1
7139,0,0
11354,0,0
19312,1,0
6427,1,1
252,1,1
936,1,1
6751,0,0
5921,0,0
2305,1,1
10279,0,0
12775,0,0
3167,1,1
4361,0,0
17791,1,1
17141,0,0
20021,1,1
615,1,1
3390,0,0
1788,1,1
3091,1,1
15285,1,1
16912,1,1
14122,0,0
10712,1,1
11189,1,1
20471,0,0
14965,0,0
16939,0,0
9743,0,0
9039,0,0
1505,1,1
8176,1,1
13347,1,1
15693,1,0
19738,0,0
7207,1,1
7118,1,1
7979,1,1
8606,0,0
3035,0,0
12233,0,0
2941,0,0
8697,0,0
10724,1,1
20424,0,0
30,1,1
16791,1,1
13274,1,1
20598,0,0
4323,0,0
18862,1,1
12782,0,0
3005,0,0
16710,0,0
2516,1,1
16248,1,1
15789,1,1
18072,1,1
16362,0,0
19847,1,1
1342,1,1
9931,0,0
4253,0,0
11288,0,0
20208,1,1
960,0,0
17608,0,0
13601,1,1
11182,0,0
17415,0,0
1140,1,1
13520,0,0
11456,0,0
1305,0,0
12882,1,1
13824,0,0
5904,0,0
2195,0,0
20459,0,0
17454,1,1
1879,0,0
4845,0,0
20605,1,1
4191,0,0
3218,1,1
11140,0,0
4738,0,0
3122,1,1
19640,1,1
17105,1,1
15292,1,1
10247,0,0
1304,1,1
4568,1,1
10837,1,1
4739,1,1
13606,1,1
12220,1,0
8679,1,1
16665,0,0
18007,0,0
3508,1,1
18333,0,0
15982,1,1
13763,0,0
49,0,0
10776,0,0
3697,1,1
14980,1,1
5470,0,0
11579,1,1
10668,0,0
18156,1,1
14250,1,1
1008,1,1
12847,0,0
9834,0,0
1510,1,1
17576,0,0
17003,1,1
16045,1,1
7764,0,0
1836,0,0
14763,0,0
11603,0,0
1180,1,1
9072,0,0
20035,0,0
3524,1,1
2629,0,0
5756,1,1
9643,0,0
16627,1,1
1137,1,1
17294,1,1
19989,1,1
6561,0,0
628,1,1
16002,0,0
4049,0,0
13862,0,0
1104,1,1
15806,1,1
4814,1,1
8322,0,0
6398,1,1
9322,0,0
3783,0,0
8924,1,1
17444,0,0
2848,0,0
19668,1,1
19713,1,1
1181,1,1
13468,1,1
11662,1,1
2483,1,1
7000,0,0
20204,1,1
5227,0,0
15708,0,0
15489,1,0
4783,0,0
1800,0,0
16489,0,0
4691,0,0
369,1,1
9076,1,1
4230,1,1
2394,0,0
17311,0,0
19672,1,1
17389,1,1
13735,0,0
3823,1,1
484,1,1
2674,0,0
4430,1,1
3859,0,0
18957,0,0
2368,0,0
7898,1,1
4788,0,0
1133,0,0
331,1,1
1476,1,1
2408,1,1
13280,0,0
6554,0,0
302,1,1
16415,0,0
5677,0,0
11524,1,1
12835,0,0
7641,1,1
18893,0,0
6152,1,1
17005,0,0
16994,0,0
10753,1,1
2074,0,0
2616,1,1
15135,1,1
20660,0,0
10651,1,1
16184,0,0
12487,0,0
19812,1,1
16091,0,0
12840,0,0
10031,0,0
2434,0,0
4491,1,1
7147,1,1
16547,1,1
17224,1,1
7477,0,0
20540,0,0
14496,0,0
966,1,1
1843,1,1
14921,1,1
19938,0,0
12918,0,0
16970,1,1
2998,0,0
18521,0,0
3555,0,0
18923,0,0
8469,0,0
985,0,0
12701,1,1
11107,1,0
8561,0,0
15916,0,0
13899,0,1
12613,0,0
62,0,0
4922,0,0
17202,0,0
9970,1,1
11777,0,0
11205,0,0
17314,1,1
15245,1,1
9612,0,0
15313,1,0
3103,1,1
16052,1,1
8751,1,1
2041,1,1
5591,0,0
7698,1,1
16745,1,1
9281,0,0
3735,1,1
15695,1,1
7278,1,1
19542,0,0
1397,0,0
18837,0,0
10683,0,0
2564,1,1
1023,0,0
18332,0,0
10927,1,1
15090,1,1
737,1,1
9657,1,1
8131,1,1
19061,0,0
1073,0,0
9882,0,0
15816,0,0
20709,1,1
10339,1,1
19170,1,1
18958,1,1
15122,1,1
10631,0,0
458,0,0
17560,0,0
7285,1,1
8320,0,0
9112,1,1
11204,1,1
8461,0,0
15402,1,1
4187,1,1
11063,0,0
20545,0,0
10553,1,1
6131,1,1
17359,1,1
3213,0,0
3324,1,1
4566,0,0
4421,0,0
11700,1,1
10304,1,1
15211,0,0
20641,1,1
20284,0,0
12480,1,1
13170,1,1
7091,1,1
13690,0,0
1549,0,0
10626,1,1
2702,0,0
11576,1,1
2679,1,1
16403,0,0
14885,0,0
17876,1,1
9075,1,1
4963,0,0
602,0,0
8435,1,1
18013,0,0
19346,0,0
11630,0,0
18462,1,1
20024,0,0
364,0,0
20635,1,1
5836,0,0
8105,0,0
3311,0,0
11717,1,1
15841,0,0
3022,1,1
18331,1,1
6335,1,1
808,0,0
17676,1,1
10175,1,1
2526,0,0
12292,0,0
6718,1,1
11435,0,0
7803,0,0
20222,0,0
10645,0,0
8821,1,1
1235,0,0
5766,0,0
6011,0,0
10453,0,0
9065,1,1
6149,1,1
5863,0,0
5978,0,0
18955,0,0
2342,0,0
15880,1,1
11298,0,0
11448,1,0
19016,0,0
17414,0,0
20122,1,1
14024,0,0
19493,1,1
17680,0,0
2409,0,0
13334,0,0
12641,0,0
7775,1,1
18254,1,1
8542,1,1
6587,1,1
2974,1,1
18996,0,0
18292,1,1
12353,0,0
4208,0,0
14033,0,0
12300,0,0
10011,0,0
6476,0,0
7892,1,1
13391,1,1
5320,0,0
20272,0,1
14348,1,1
8318,0,0
7593,0,0
301,0,0
17382,0,0
18409,0,0
2871,1,1
235,1,1
4628,0,0
2118,0,0
3537,1,1
4510,1,1
7772,1,1
10267,0,0
10625,0,0
4124,0,0
13303,1,1
13235,0,0
3176,1,1
1019,1,1
11973,0,0
11117,1,1
19517,1,1
12360,0,0
17893,0,0
8987,1,1
9375,1,1
4370,0,0
11429,1,1
17529,1,1
210,1,1
6199,1,1
10273,0,0
4117,1,1
3109,0,0
4211,1,1
2650,0,0
6375,0,0
7328,1,0
12810,0,0
9921,1,1
2842,0,0
4228,1,1
10145,1,1
14751,0,0
20535,0,1
14520,1,1
17303,1,1
9154,0,0
12395,1,1
18891,0,0
6409,1,1
15724,0,0
15834,0,0
2956,1,1
1996,1,1
8472,1,1
1060,1,1
7607,1,1
5125,1,1
12153,0,1
15393,1,1
12897,0,0
16730,0,0
17174,1,1
7489,1,1
2581,1,1
9218,1,1
10677,1,1
16355,0,0
2185,0,0
1365,1,1
8074,0,0
1267,0,0
15869,0,0
10033,0,1
578,1,1
2549,1,1
1430,1,1
10104,0,0
12174,0,0
9974,1,1
13325,0,0
8854,0,0
1004,0,0
8416,0,0
14925,0,0
2006,0,0
14427,0,0
16844,1,1
11256,0,0
8200,0,0
18374,0,0
17338,1,1
9438,0,0
3722,0,0
641,1,1
13845,1,1
15129,0,0
3193,0,0
20729,0,0
11629,0,0
1857,0,0
5392,1,1
16448,0,0
9966,0,0
15152,0,0
3198,0,0
15513,1,1
5815,0,0
2404,0,0
14278,1,1
18157,1,1
2145,1,1
5862,1,1
4966,1,1
2190,1,1
11919,0,0
14492,1,1
37,1,1
17797,0,0
17432,0,0
19565,0,0
17215,0,0
18543,0,0
528,1,1
12368,0,0
18379,0,0
14833,1,1
5505,0,0
13061,1,1
18132,1,1
6899,1,1
18234,0,0
7276,0,0
2715,0,0
5097,1,1
6698,1,1
1880,0,0
1217,1,1
17243,0,0
8352,0,0
2803,0,1
19190,0,0
20665,1,1
3585,1,1
325,0,0
19602,0,0
12891,1,1
3166,1,1
16841,0,0
11791,0,0
11315,1,1
8175,1,1
10913,1,1
20187,0,0
14022,1,1
7158,1,1
2705,0,0
11254,0,0
3714,1,1
18902,0,0
19482,1,1
5173,1,1
20438,1,1
117,0,0
17344,0,0
17148,1,1
1589,1,1
7639,0,0
14073,0,0
4640,0,0
20247,0,0
14995,1,1
14452,0,0
13056,0,0
14107,1,1
10845,0,0
20392,1,1
15607,1,1
8916,1,1
7004,1,1
4734,0,0
14656,0,0
5486,0,0
10182,0,0
3502,0,0
4376,1,1
17123,0,0
17809,0,0
9915,0,0
20711,1,1
16549,0,0
2782,1,1
17080,1,1
2701,0,0
9155,0,0
5000,0,0
1535,0,0
14444,0,0
19677,1,1
15738,0,0
1340,0,0
17730,0,0
13930,1,1
7765,0,0
7429,0,0
6188,1,1
11319,0,0
17089,1,1
6458,1,1
1103,1,1
14913,1,1
18488,0,0
10637,1,1
10344,0,0
10680,1,1
5048,0,0
15338,1,1
20288,0,0
14890,0,0
12333,0,0
10716,0,0
415,0,0
11732,1,1
9512,1,1
11025,1,1
753,0,0
4648,0,0
2614,0,0
15898,0,0
9503,0,0
18382,0,0
16871,0,0
4006,0,0
8395,1,1
6064,1,1
1583,1,1
18769,1,1
9403,0,0
7824,1,1
9823,1,1
5841,0,0
4120,0,0
9172,0,0
18811,1,1
19464,0,0
3059,1,1
11310,0,1
15823,0,0
964,0,0
19414,1,1
12909,1,1
12177,1,1
5042,0,0
14082,0,0
16947,1,1
15205,1,1
5056,1,1
1216,1,1
19557,1,1
5724,1,1
3251,0,0
12818,1,1
6451,1,1
6082,1,1
15628,1,1
15858,0,0
3237,0,0
3234,0,0
9865,1,1
5424,0,0
880,0,0
16845,0,0
16786,0,0
17128,0,0
9547,0,0
16681,1,1
10406,1,1
12681,0,0
10000,0,0
3894,0,0
946,1,1
19694,1,1
12944,0,0
14653,1,1
6047,0,0
13125,1,1
10972,0,0
6682,1,1
14651,0,0
1646,0,0
7816,0,0
6338,0,0
2539,0,0
12071,1,1
19597,0,0
7506,0,0
9115,1,1
7793,0,0
3595,1,1
6755,1,1
11225,1,1
16521,1,1
17593,1,1
19241,0,0
17957,1,1
19316,1,1
4815,1,1
10320,1,1
1343,1,1
9231,1,1
1874,1,1
13494,0,0
6793,0,0
12945,0,0
7504,0,0
13712,0,0
13188,1,1
7650,0,1
3102,1,1
4242,1,1
664,0,0
15636,0,0
3972,1,1
5368,0,0
14399,0,0
14156,1,1
9670,1,0
15632,1,1
4818,1,1
2532,1,1
10317,1,1
14305,1,1
17244,0,0
14732,1,1
16577,1,1
17925,0,0
465,1,1
652,1,1
9775,0,0
1637,0,0
15341,1,1
1971,0,0
4546,1,1
12853,0,0
1066,0,0
10857,0,0
7870,1,1
10058,1,1
15831,0,0
16969,0,0
11105,1,1
18231,0,0
9884,1,1
4694,1,1
15159,1,1
10859,1,1
7982,1,1
8607,0,0
5535,1,1
2493,1,1
9888,0,0
13396,0,0
5019,1,1
3533,1,1
655,1,1
17511,1,1
17391,0,0
5477,1,1
12741,0,0
8280,1,1
284,0,0
18242,0,0
8744,0,0
19410,1,1
15612,1,1
14448,0,0
16650,1,1
7693,1,0
9694,0,0
10622,0,0
16466,0,0
5779,0,0
14670,0,0
17563,1,1
13767,0,0
15381,0,0
3576,1,1
10693,1,1
2320,1,1
1709,0,0
9776,0,0
9548,1,1
8855,1,1
3992,1,1
11872,0,1
11158,1,1
19914,1,1
13978,1,1
292,1,1
17046,0,0
7689,1,1
16293,0,0
11554,0,0
19349,0,0
5857,0,0
14363,1,1
3337,0,0
19924,1,1
13204,1,1
10103,1,1
11316,0,1
2882,0,0
10806,0,0
12281,0,0
20563,0,0
7552,1,1
12255,1,1
8967,1,1
5619,0,0
3499,0,0
8160,1,1
15005,0,0
15699,1,1
12455,0,0
11226,0,0
2297,0,0
11837,1,0
16906,1,1
7501,0,0
14990,0,0
17772,0,0
9120,0,0
13985,1,1
10188,0,0
12454,0,0
10638,1,1
10324,0,0
4808,0,0
7605,1,1
17098,1,0
11551,1,1
15136,1,1
1162,1,1
3711,1,1
4803,1,1
8251,1,1
15370,0,0
9638,1,1
9642,0,0
7654,0,0
6915,1,1
4878,0,0
19692,0,0
4978,0,0
16546,1,1
6563,0,0
842,1,1
10310,1,0
7131,1,1
20249,1,1
12244,0,0
15461,1,1
12999,0,0
8349,0,0
7726,1,1
9162,1,1
17743,1,1
1990,1,1
19397,0,0
4813,0,0
550,1,1
101,1,1
19958,0,0
17846,0,0
94,1,1
1468,1,1
15178,0,0
12178,1,1
20291,1,1
10774,0,0
7202,1,1
10308,1,1
5620,0,0
9496,0,0
237,0,0
1966,0,0
1784,0,0
6211,1,1
11320,1,1
13296,0,0
1793,0,0
7094,1,1
1888,0,0
15375,0,0
6449,1,1
12704,1,1
18376,0,0
8057,1,1
12520,0,0
15031,0,0
14711,1,1
5006,1,1
18174,1,1
8960,1,1
5364,0,0
5659,0,0
20744,0,1
2543,0,0
6029,1,1
305,1,1
13437,1,1
7483,1,1
6822,0,0
17195,1,1
5332,0,0
15729,1,1
6129,0,0
5276,0,0
7464,1,1
16294,1,1
2415,0,0
19717,0,0
7852,1,1
15422,0,0
19420,1,1
8049,1,1
12318,0,0
14807,0,0
19487,1,1
7145,0,0
8266,0,0
20422,0,0
17462,0,0
6800,1,1
3750,1,1
18236,1,1
12212,1,1
10158,0,0
3376,1,1
519,0,0
5801,1,1
13496,0,0
5870,0,0
10268,0,0
20045,1,1
13486,0,0
7368,1,1
81,1,1
8495,1,1
8680,0,0
2764,1,1
19916,1,1
11029,0,0
13392,0,0
17528,1,1
4482,1,1
9996,0,0
14718,0,0
6644,0,0
2230,0,0
17532,1,1
5764,0,0
2428,1,1
19213,0,0
2176,0,0
14063,1,1
16719,1,0
1556,1,1
12351,0,0
17798,1,1
9742,0,0
10827,1,1
804,0,0
16405,1,1
20154,0,0
5491,0,1
14957,1,1
13733,1,1
7974,1,1
13358,0,0
5344,1,1
14127,0,0
14144,1,1
4153,0,0
14194,0,0
7656,1,1
3705,0,0
18451,1,1
20440,1,1
3752,1,1
11863,1,1
16302,1,1
1687,0,0
1723,0,0
15390,0,0
2160,1,1
9883,0,0
1983,1,1
3353,1,1
12713,0,0
16808,1,1
8480,1,1
11773,0,0
1849,0,0
4101,1,1
7911,1,1
6669,1,1
19883,1,1
9682,0,0
10407,1,1
15569,0,0
5916,0,0
17216,1,1
4468,0,0
15635,1,1
2256,0,0
9881,1,1
8520,1,1
10929,1,1
4637,0,0
13369,0,0
16119,1,1
3113,0,0
17990,1,1
9344,0,0
2487,1,1
1987,0,0
2345,1,1
5301,0,0
6468,1,1
17962,1,1
12005,0,0
12250,0,0
16784,1,1
11780,0,0
13138,0,0
18796,0,0
34,0,0
9617,0,0
1934,0,0
16976,1,1
9614,1,1
10225,1,1
8475,1,1
5012,0,0
8594,1,1
16468,0,0
8454,0,0
5213,1,1
621,0,0
8479,0,0
11856,1,1
2252,1,1
12792,1,1
16496,1,1
14775,0,0
13489,0,0
4775,1,1
5948,0,0
6773,0,0
4984,0,0
996,0,0
19108,0,0
10597,0,0
636,1,1
10163,1,1
7359,1,1
9035,1,1
10950,0,0
18213,1,1
11407,1,1
8396,0,0
1489,1,1
6691,1,1
18452,1,1
9144,0,0
10114,1,1
4012,0,0
352,0,0
1660,1,1
702,0,0
6577,1,1
18527,0,0
2337,0,0
1450,0,0
11011,0,0
12745,0,0
19616,0,0
9535,0,0
18899,1,1
11793,0,0
15200,1,1
5728,1,1
8263,0,0
13027,1,1
17946,1,1
11995,1,1
18510,0,0
3782,0,0
16221,0,0
5428,1,1
12387,1,1
17776,0,0
13233,0,0
18243,1,1
13741,1,1
16257,0,0
13886,1,1
4016,0,0
17795,0,0
1152,1,1
5034,1,1
14629,0,0
17829,0,0
15979,1,1
10006,1,1
19765,0,0
10470,0,0
16195,1,1
13768,1,1
2480,0,0
5812,1,1
17561,1,1
11122,1,1
5439,1,1
18855,0,0
3143,1,1
2199,0,1
6112,0,0
14813,0,0
4444,1,1
19600,0,0
10632,1,1
13263,0,0
5698,1,1
8892,1,1
11471,0,0
8310,1,1
5674,0,0
7970,1,1
336,0,0
16840,0,0
19852,0,0
6281,1,1
10790,0,0
19514,1,1
5937,1,1
5519,1,1
3736,1,1
8087,0,0
20280,1,1
17343,0,0
3552,0,0
474,0,0
137,0,0
20192,1,1
18646,1,1
13625,1,1
2054,1,1
6617,0,0
6727,0,0
5421,0,0
20446,0,0
16806,0,0
19357,0,0
3320,1,1
3700,0,0
3525,1,1
530,0,0
19411,0,0
423,1,1
20766,0,1
3273,1,1
9038,0,0
20331,1,1
1796,1,1
16263,0,0
2954,1,1
4615,0,0
18775,1,1
11214,1,1
18113,0,0
16860,1,1
9508,1,1
14714,0,0
18579,1,1
17613,1,1
11079,0,0
19904,1,1
8639,0,0
14912,1,1
962,1,1
17212,0,0
19116,0,0
6593,0,0
20239,1,1
3834,0,0
10005,0,0
5786,0,0
2398,1,1
7718,0,0
3775,1,1
20063,1,1
5689,1,1
4915,0,0
675,0,0
19399,1,1
12232,0,0
11954,1,1
14439,0,0
11559,1,1
12672,1,1
3551,1,1
1696,1,1
2004,0,0
11300,0,0
11282,0,0
9366,1,1
9282,1,1
3545,0,0
3667,1,1
18978,1,1
2561,1,1
18091,0,0
13052,1,1
12941,0,0
17395,1,1
14249,1,1
5726,1,1
2969,0,0
721,0,0
3872,0,0
12824,0,0
2812,0,0
17888,0,0
19518,0,0
14233,1,1
13987,0,0
11860,1,1
3067,0,0
14337,0,0
17559,0,0
1469,1,1
6301,0,0
15675,0,0
13564,1,1
7653,1,1
3696,1,1
9386,1,1
18031,1,1
6494,0,0
15570,1,1
8702,0,0
14802,1,1
17705,1,1
9206,1,1
4486,1,1
1594,1,1
10311,0,0
213,0,0
15280,0,1
17725,0,0
3225,0,0
10944,1,1
15248,0,0
7441,1,1
5566,0,0
15700,0,0
19358,0,0
10829,0,0
7828,0,0
19002,0,0
1302,0,0
15534,0,0
7247,1,1
19462,1,1
4928,1,1
2484,0,1
2603,1,1
17350,1,1
3451,1,1
1779,1,1
2836,0,0
15073,0,0
13030,0,0
6502,0,0
15649,0,0
20171,0,0
11802,1,1
20509,1,1
5329,0,1
5234,1,1
17747,1,1
20510,1,1
13941,0,0
14614,1,1
12115,1,1
16760,1,1
4155,1,1
3020,1,1
6038,1,1
18858,0,0
565,1,1
20548,1,1
6546,0,0
5712,0,0
7482,0,0
19364,1,1
997,0,0
19456,0,0
3660,1,1
10666,0,0
10957,0,0
6707,0,0
9877,1,1
10060,1,1
7849,1,1
8556,0,0
9505,0,0
8720,0,0
18155,1,1
2899,0,0
17681,1,1
16102,0,0
14211,0,0
3715,0,0
12659,1,1
16671,1,1
3739,1,1
10930,1,1
7856,1,0
15515,1,1
11583,1,1
19615,1,1
1057,1,1
11610,1,1
2712,1,1
2731,0,0
1950,0,0
1527,1,1
6905,0,0
19902,0,0
15478,1,1
16816,0,0
6304,1,1
612,1,1
4594,1,1
19440,0,0
4471,1,1
394,1,1
16365,0,0
7457,1,1
16524,1,1
9838,1,1
4676,0,0
5248,1,1
17263,1,1
19949,0,0
16088,1,1
19621,0,0
14719,0,0
19895,1,1
3732,1,1
3375,1,1
10325,0,0
4243,0,0
1145,1,1
9827,1,1
11836,1,1
14683,0,0
20718,0,0
18517,1,1
3565,1,1
6807,1,1
6524,1,1
6633,0,0
19149,0,0
11543,1,1
20480,0,0
3740,1,1
20697,0,0
3227,1,1
891,1,1
11522,0,0
17544,0,0
12240,0,0
16504,0,0
4338,1,1
18575,1,1
3618,0,0
15502,0,0
11505,0,0
19269,0,0
15354,0,0
8490,0,0
18294,1,1
20241,0,0
1287,0,0
10363,0,0
12826,0,0
13695,1,1
14354,0,0
13466,1,1
8148,1,1
2269,0,0
8629,0,0
20782,1,1
4581,1,1
380,0,0
7294,1,1
1833,0,0
19143,1,1
4520,0,0
3126,1,1
19263,0,0
19386,0,0
6512,0,0
8876,0,0
14089,0,0
6189,1,0
9773,0,0
11000,1,1
7021,0,0
14840,0,0
11193,1,1
11877,1,1
13159,0,0
16921,1,1
409,1,1
11071,0,0
4712,1,1
3840,0,0
14679,1,1
4937,1,1
1675,1,1
8069,1,0
3417,1,1
18373,1,1
6405,1,1
20777,1,1
19060,1,1
12186,1,1
20557,0,0
16506,0,0
2725,1,1
275,1,1
17579,0,0
877,0,0
14943,1,1
12014,0,0
18969,0,0
6934,1,1
724,1,1
6297,0,0
8995,0,0
8106,1,1
2339,1,1
6074,0,0
13659,0,0
6009,1,1
19611,0,0
12676,0,0
19635,0,0
13228,0,0
8219,1,1
1763,1,1
3358,0,0
16587,0,0
17381,0,0
20375,1,1
4781,0,0
13732,1,1
5371,1,1
5162,1,1
11061,0,0
2597,1,1
19270,0,0
4231,1,0
755,0,0
9766,0,0
5825,0,0
13903,0,0
4463,0,0
8735,0,0
8627,0,0
8487,0,0
13717,0,0
10991,1,1
14906,1,1
9408,1,1
17621,0,0
17427,0,0
12358,1,1
13026,1,1
18004,1,1
2439,0,0
9452,0,0
7346,0,0
8169,0,0
392,0,0
5215,1,0
10686,1,1
13472,1,1
4789,1,1
15606,1,1
16960,0,0
17585,0,0
15577,0,0
11148,1,1
19909,0,0
836,0,0
18920,0,0
9795,0,0
6232,0,0
5945,0,0
16811,1,1
5403,0,0
10296,1,1
17778,1,1
1463,0,0
8809,0,0
13304,1,1
13821,1,1
16112,1,1
6276,0,0
7700,0,0
12868,0,0
14874,1,1
8715,0,0
2044,0,0
6073,0,0
9605,0,0
16115,0,0
3414,1,1
1056,1,1
6824,0,0
15548,1,1
9985,0,0
10347,1,1
13060,0,0
12196,1,1
6447,1,1
13201,0,0
5109,1,1
9210,1,1
7749,1,1
5149,1,1
8954,0,0
8244,0,0
5478,0,0
11497,1,1
14180,1,1
5302,1,1
10404,0,0
16296,0,0
2827,0,0
17503,0,0
19936,1,1
13504,0,0
5105,1,1
11813,0,0
16659,0,0
7525,1,1
6413,1,1
10173,1,1
19485,1,1
1076,0,0
18509,0,0
9982,1,1
12571,1,1
4300,1,1
13362,1,1
20442,0,0
16161,1,1
12625,1,1
1729,0,0
14785,0,0
19261,1,1
20736,1,1
5350,0,0
4668,1,1
12322,1,1
4816,0,0
5214,0,1
9980,0,0
16028,0,0
2874,0,0
15251,0,0
14910,0,0
16080,0,0
7914,0,0
1617,0,0
15926,0,0
8844,0,0
18522,0,0
161,1,1
14187,0,0
494,0,0
8805,1,1
9592,0,0
17785,0,0
1432,1,1
7416,1,1
19971,1,1
3608,0,0
5605,1,1
4373,0,0
12980,1,1
41,1,1
14119,1,1
14497,0,0
15418,0,0
4823,0,0
11638,0,0
8225,0,0
10975,1,1
10102,0,0
13180,0,0
4362,1,1
1224,1,1
1733,1,1
2143,1,0
13340,0,0
13969,0,0
3069,0,1
8699,1,1
6770,1,1
9685,0,0
13972,0,0
5672,1,1
2673,1,1
16575,1,1
15082,0,0
14505,0,0
15846,0,0
3751,0,0
4717,1,1
8620,0,0
16694,1,0
19334,0,1
10259,0,0
7307,0,0
6516,1,1
11580,1,1
5400,1,1
6262,1,1
7760,1,1
12112,0,0
2494,1,1
8966,0,0
5029,1,1
19218,0,0
548,1,1
2191,1,1
5842,1,1
11242,1,1
5141,1,1
5626,1,1
3244,1,1
1355,1,1
12165,0,0
14517,0,0
19569,1,1
3951,0,0
8817,0,0
5092,0,0
13593,0,0
11581,0,0
20175,0,0
3748,0,0
2384,1,1
14285,1,1
18102,0,0
5523,0,0
14715,0,0
17963,0,0
15780,0,0
3680,0,0
8102,0,1
15620,0,0
15719,0,0
4504,0,0
3880,1,1
5592,1,1
17582,1,1
13054,0,0
2096,1,1
13174,0,0
16391,0,0
4128,0,0
13627,0,0
8141,0,0
5723,1,1
4098,1,1
19896,1,1
11923,1,1
2946,1,1
9108,1,1
16507,0,0
1542,0,0
13810,0,0
10745,0,0
8498,1,1
18140,1,1
9235,1,1
10576,1,1
16165,0,0
4588,0,0
10478,1,1
10488,0,0
5931,1,1
6364,0,0
20191,0,0
8810,1,0
10732,1,0
1139,1,1
16982,1,1
4569,0,0
18734,1,1
16589,0,0
15033,0,0
14489,0,0
19200,0,0
10096,1,1
12400,0,0
18177,1,1
19824,1,1
18163,0,0
18607,0,0
10514,1,1
14630,1,1
7930,0,0
9659,1,1
16385,1,1
13947,1,1
2577,0,0
8671,1,1
11555,1,1
10918,0,0
16142,0,0
6273,0,0
19571,1,1
16674,1,1
6496,1,1
19163,1,1
18778,1,1
19504,1,1
10565,1,1
14185,0,0
10864,1,1
13720,1,1
18198,0,0
13643,0,0
2198,1,1
7146,0,0
13234,0,1
6487,0,0
17835,0,0
16282,0,0
1163,0,0
19759,1,1
7958,1,1
16556,1,1
1237,0,0
7184,0,0
5485,1,1
6441,1,1
11387,1,1
6249,1,1
16592,1,1
6459,1,1
16460,0,0
10937,0,0
8604,0,0
20739,1,1
430,1,1
17869,0,0
12119,0,0
14012,1,1
10795,1,1
12575,1,1
2983,0,0
11695,1,1
3024,1,1
7937,0,0
2040,0,0
8825,0,0
8033,1,1
13012,0,0
20793,0,0
15773,0,0
3018,0,0
13960,0,0
12246,1,1
14862,0,0
7966,1,1
9461,1,1
12846,1,1
18029,0,0
6081,0,0
4704,0,0
1351,1,1
13608,0,0
7393,0,0
9437,0,0
8528,1,1
9432,1,1
8097,0,1
6440,0,0
6426,1,1
10213,0,0
1917,0,1
10731,0,0
6768,0,0
20332,1,1
15763,1,1
1688,0,0
14352,0,0
17037,1,1
12833,0,0
20518,0,0
3169,1,1
19966,1,1
2424,1,1
9927,1,1
14267,0,1
7804,1,1
16955,0,0
10636,0,0
2535,1,1
11667,1,1
12586,1,1
20310,1,1
6454,0,0
17826,0,0
13830,0,0
16009,0,0
8638,0,0
16301,0,0
7621,0,0
17368,0,0
2366,0,0
502,0,0
3025,0,0
19923,0,1
12217,1,1
7009,1,1
5438,1,1
2987,1,1
6518,0,0
2592,1,0
8100,0,0
12884,1,1
10515,1,1
4348,1,1
10704,0,0
521,1,1
13173,0,0
777,1,1
10090,0,0
20547,0,0
15737,1,1
19305,0,0
3027,1,1
6659,1,1
14836,0,1
13530,1,1
8096,0,0
17357,1,1
11759,0,0
8802,1,1
9046,0,0
584,0,0
12484,1,1
19343,1,1
9959,0,0
15077,0,0
16526,1,1
1681,1,1
5984,1,1
10135,0,0
13376,0,0
4262,1,1
17736,0,0
4427,1,1
5720,1,1
19155,1,1
7369,1,1
3188,0,0
11391,1,1
17388,0,0
14929,1,1
791,1,1
15339,1,1
17149,1,1
13259,1,1
15550,0,0
13112,0,0
14150,0,0
7547,1,1
17273,0,0
14844,0,0
18839,0,0
20507,0,0
488,0,0
17734,0,0
17883,1,1
8246,1,1
10822,1,1
5210,1,1
3643,1,0
6043,0,0
16597,1,1
5390,1,1
11774,1,1
20667,0,0
3202,0,0
15725,1,1
11971,1,1
9198,0,0
19791,1,1
10917,0,0
2422,0,0
8432,1,1
18554,1,1
17816,0,0
9878,0,0
13666,1,0
9629,0,0
291,0,0
7544,0,0
12654,0,0
18291,1,0
17597,0,0
7488,0,0
12294,0,0
14186,1,1
10221,1,1
1591,0,0
10662,0,0
10130,1,1
1014,1,1
19835,1,1
1932,0,0
20127,1,1
17284,0,0
11400,0,0
20606,0,1
9093,1,1
12381,1,1
14622,1,1
3554,0,0
5134,1,1
18490,1,1
169,1,1
11187,0,0
19798,0,0
1773,1,1
7529,1,1
12062,0,0
13676,1,1
10169,0,0
13290,1,1
2186,0,0
14553,0,0
16215,1,1
5537,1,1
15943,1,1
4336,1,1
11733,1,1
4078,1,1
5907,0,0
13072,0,0
16024,0,0
20094,0,0
2632,0,0
11534,0,0
14655,1,1
5156,0,0
6791,0,0
6351,1,1
4054,1,1
7331,1,1
18885,0,0
8043,0,0
7093,0,0
19894,0,0
12992,0,0
223,0,0
6086,0,0
12754,0,0
2755,0,0
1979,0,0
6355,1,1
7451,1,1
19331,1,1
18919,0,0
3515,0,0
7214,0,0
15434,0,0
14880,0,0
3468,1,1
1993,0,0
856,0,0
6362,1,1
14446,1,1
18496,0,0
3799,1,1
18848,0,0
19606,0,0
19404,1,1
506,0,0
20238,0,0
15409,1,1
3379,0,0
17501,1,1
11523,1,1
3374,1,1
17877,0,0
10914,0,0
16684,0,0
14558,1,1
1413,0,0
1187,1,1
4895,1,1
7806,1,1
12271,0,0
12798,0,0
18302,1,1
17326,1,1
8411,1,0
5612,0,0
10956,0,0
14500,1,1
19532,1,1
9033,1,1
13889,1,1
2171,0,0
6266,1,1
9960,0,0
19632,1,1
12279,0,0
15881,0,0
19355,1,1
14279,0,0
5718,0,0
5962,0,0
298,1,1
3990,1,1
20627,0,0
16155,1,1
7301,0,0
6161,1,1
19328,1,1
19187,1,1
988,0,1
7137,1,1
508,0,0
12499,0,0
7725,0,0
13754,0,0
17269,1,1
12596,1,1
4844,0,0
12626,0,0
7249,1,1
9987,1,1
4959,1,1
2732,0,0
18631,1,1
3074,1,1
9993,0,0
3095,1,1
18541,0,0
10741,1,1
11453,1,1
14883,1,1
13099,0,0
11249,1,1
9873,0,0
18766,1,1
7273,1,1
6615,1,1
7398,0,0
10112,1,1
4389,1,0
12429,0,0
7865,0,0
17465,1,1
15208,1,1
3556,1,1
13265,1,1
144,1,0
178,0,0
18241,1,1
4453,1,1
5648,1,1
11751,0,0
14245,1,1
373,0,0
12540,0,0
18175,1,1
18684,1,1
19107,1,1
1371,0,0
20582,1,1
16533,0,0
18856,1,1
16761,1,1
3876,0,0
269,1,1
938,0,0
15694,1,1
9337,1,1
4900,0,0
8444,1,1
2630,1,1
11078,0,0
19318,1,1
20254,0,0
17252,0,0
11386,0,0
7299,0,0
17019,0,0
15579,1,1
8112,0,1
3391,1,1
6537,0,0
12662,1,1
8837,1,1
11746,0,0
3471,0,1
14621,0,0
12219,0,0
17068,1,1
5147,0,0
16269,1,1
11875,0,0
1136,0,0
19194,1,1
2331,1,1
11136,0,0
6717,0,0
13256,1,1
18748,1,1
1047,0,0
19385,1,1
17775,1,1
8664,0,0
12060,0,0
13989,0,0
16798,0,0
16134,0,0
13449,1,1
18846,1,1
1213,0,0
17377,1,1
14969,1,1
378,1,1
15081,0,0
18016,0,0
16913,1,1
6118,0,0
1948,1,0
6187,0,0
18196,1,1
17290,0,0
15566,0,0
11292,0,0
1404,0,0
7476,0,0
8516,0,0
17433,0,0
14673,0,0
1068,1,1
6923,1,1
47,1,1
7835,0,0
3758,1,1
6706,0,0
13222,1,1
8196,0,0
4118,0,0
4391,1,1
2681,0,0
13538,1,1
14006,0,0
10350,1,1
12116,1,1
15074,1,1
2785,0,0
8135,0,0
13202,0,1
13007,0,0
10694,0,0
3870,0,0
12136,0,0
6376,1,1
5314,1,1
8019,1,1
142,1,1
10967,0,1
10054,0,0
3683,0,0
14451,1,1
7595,1,1
64,1,1
9797,0,0
20420,0,0
14309,1,1
7220,1,1
10512,1,1
18917,1,1
10513,1,1
20091,0,0
19948,1,1
10444,1,1
8513,1,1
11128,0,0
12406,1,1
13371,1,1
18460,1,1
9217,0,0
18929,0,0
15027,0,0
4638,1,1
8368,0,0
7320,0,0
1581,0,0
16383,1,1
4616,0,0
17948,0,0
2501,1,1
5604,0,0
15007,1,0
1854,1,0
17980,0,0
20584,0,0
17230,1,1
13682,1,1
10600,0,0
13351,1,1
18030,0,0
14046,1,1
17908,0,0
1459,0,0
9451,1,1
1170,1,1
17952,1,1
6203,1,1
20243,1,1
8906,1,1
19280,1,1
20028,1,0
12874,1,1
19775,1,1
3400,0,0
889,1,1
18341,1,1
5773,0,0
13780,1,1
4250,0,0
3104,1,1
16023,0,0
14933,0,0
12757,0,0
1109,0,0
11237,0,0
3850,0,0
9628,1,1
91,0,0
8401,1,1
12878,1,1
15967,0,0
13285,0,0
7494,1,1
12199,0,0
18438,1,1
4252,0,0
876,0,0
5652,1,1
6313,0,0
3087,1,1
9205,0,0
5985,0,0
8377,1,1
6197,0,0
3425,0,1
2970,0,0
13753,1,1
3586,1,1
11530,0,0
4168,0,0
5573,0,0
212,0,0
6933,0,0
19659,0,0
3875,1,1
18918,1,1
4913,0,0
6836,0,0
8319,1,1
4206,0,0
3137,1,1
18435,1,1
15445,1,1
15660,1,1
4609,0,0
2610,1,1
15424,1,1
5229,0,0
14781,1,1
12758,0,0
12137,0,0
4556,1,1
13782,1,1
14666,0,0
20120,0,0
1261,0,0
14548,0,0
293,1,1
14705,0,0
4589,1,1
17949,0,0
20537,1,1
1089,0,0
2599,0,0
6209,1,1
4677,1,0
7361,1,1
6709,0,0
1291,1,1
6540,1,1
10988,0,1
5864,1,1
2149,0,0
2572,1,1
13884,0,0
13477,0,0
9780,0,0
19587,1,1
15609,1,1
6083,0,0
14437,0,0
4237,0,0
2780,0,0
5559,1,1
4701,1,1
17616,0,0
10536,1,1
17929,0,0
13097,1,1
7752,1,1
8325,1,1
8450,1,1
15873,1,1
13691,0,0
1891,0,0
3881,0,0
2511,0,0
6,0,0
15194,0,0
19125,1,1
18622,1,1
3408,0,0
11488,0,0
20764,0,0
16643,1,1
1890,0,0
6715,1,1
4159,0,0
8737,1,1
5789,1,1
19122,0,0
1339,0,0
16814,0,0
10198,0,0
3341,0,0
149,0,0
3659,1,1
17419,1,1
8321,1,1
7168,1,1
9091,1,1
6096,0,0
1040,0,0
1676,0,0
19396,0,0
19295,1,1
12492,1,1
7012,0,0
2713,1,1
9395,1,1
5596,1,1
15640,1,1
18503,1,1
12957,0,0
16456,0,0
18974,1,1
1727,1,1
2400,0,0
16788,0,0
17298,0,0
589,0,0
5457,1,1
20329,1,1
5469,1,1
4465,1,1
9495,0,0
4493,0,0
19388,1,1
5077,0,0
8348,0,0
15536,0,0
18077,1,1
3066,0,0
2729,0,0
12303,0,0
17885,1,1
5283,1,1
13781,1,1
17087,0,0
2288,1,0
4456,0,0
2105,0,0
8729,0,0
13335,0,0
2251,0,0
10575,1,1
12038,1,1
15509,0,0
6462,0,0
11480,1,1
15127,1,1
8985,0,0
13227,1,1
17416,1,1
17345,1,1
14931,0,0
20456,0,0
13573,0,0
2111,0,0
10843,0,0
12971,1,1
6334,1,1
20645,1,1
5570,1,1
5972,0,1
15322,0,0
19562,0,0
11557,1,1
234,0,0
11165,1,1
7448,1,1
9782,1,1
3172,1,1
8742,0,0
2750,1,1
3232,0,0
4649,1,1
18822,1,1
1768,0,0
16886,0,0
9295,0,0
16029,1,1
18319,0,0
12409,1,1
7058,1,1
11390,0,0
19153,1,1
15861,0,0
13110,1,1
8730,0,0
19037,1,1
14426,1,1
5146,1,1
2489,0,0
4822,0,0
1799,0,0
8644,1,1
8521,0,0
14600,1,1
9847,1,0
13572,1,1
14209,0,0
15731,1,1
10715,0,0
17678,0,0
19946,1,1
12308,0,0
11765,1,1
20624,0,1
16919,0,0
15000,0,0
10417,1,1
319,0,0
15412,1,1
2496,0,0
3021,0,1
9557,0,0
2091,0,0
9579,0,0
15299,0,0
12058,1,1
18830,1,1
11394,0,0
1427,0,0
8079,0,0
11425,1,1
2615,1,1
479,0,0
17748,0,0
19030,0,0
15689,0,0
7048,1,1
13736,0,0
14541,0,0
493,1,1
8090,0,0
11454,1,1
3718,1,1
9467,0,0
2985,1,1
11476,1,1
15431,1,1
6966,1,1
16225,0,0
14031,1,1
1277,1,1
15843,0,0
9872,0,0
5986,1,0
19311,1,1
3523,0,0
19684,1,1
16572,0,0
5538,0,0
13083,0,1
13435,0,0
8754,1,1
12932,0,0
2896,1,1
7109,0,0
13337,0,0
19913,1,1
9850,0,0
3980,1,1
14425,0,0
19999,1,1
6250,0,0
12070,0,0
216,0,0
4174,1,1
17875,1,1
8376,1,1
2446,1,1
18762,0,1
11977,0,0
10717,0,0
2255,0,0
18383,1,1
10146,0,0
18547,1,1
11805,0,1
16642,0,0
17611,1,1
3888,0,0
10981,1,1
4488,1,1
20372,0,0
18144,0,0
8519,1,1
7871,0,0
3652,1,1
19083,0,0
3269,0,0
5429,1,1
8453,1,1
1236,0,0
17686,1,1
20335,0,0
18128,1,1
13614,0,0
1282,1,1
1818,1,1
18648,0,0
5242,0,0
7182,0,0
3939,1,0
10494,0,0
3466,1,1
8887,1,1
2553,0,0
19284,1,1
3654,0,0
2968,1,1
7011,1,1
16333,1,1
19422,0,0
12103,0,0
6869,0,0
2082,1,1
1199,1,1
12513,0,0
526,0,0
8473,0,0
19595,0,0
12577,1,1
9486,0,0
19203,1,1
4834,1,1
15526,0,0
19875,1,1
15682,0,0
9266,1,1
5853,1,1
13785,1,1
19979,1,1
10821,0,0
15234,1,1
19484,0,0
12034,0,0
3099,1,1
17685,0,0
17548,0,0
14480,0,0
19457,1,1
18445,0,0
16891,1,1
19465,1,1
20099,1,1
11198,0,0
3763,0,1
544,1,1
8899,1,1
209,1,1
2250,0,0
2194,1,1
1206,1,1
20320,0,0
11431,0,0
4874,1,1
5543,1,1
5980,0,0
15927,0,0
14315,0,0
6978,0,0
19990,1,1
6716,1,1
14855,0,0
4909,1,1
443,1,1
1507,0,0
6754,0,0
2277,1,1
5707,0,0
5563,0,0
10634,0,0
4794,0,0
2156,1,1
17933,1,1
20794,0,0
14325,0,0
5540,0,0
10701,0,0
19735,0,0
13888,1,1
8669,1,1
15480,0,0
7155,0,0
8194,0,0
20343,0,0
18540,1,1
12997,1,1
7676,0,0
20712,1,1
19834,1,1
553,0,0
16857,0,0
8378,0,0
181,1,1
2110,1,1
14803,1,1
15751,1,1
